Trip ID,Arrival Time,Departure Time,Stop ID,Stop Name,Stop Sequence
LRYH10620,06:15:00,06:20:00,YPR,YESWANTAPUR STN.,1
LRYH10620,06:25:00,06:26:00,LOGH,LOTTEGOLLAHALLI STN.,2
LRYH10620,06:36:00,06:37:00,HEB,HEBBAL STN.,3
LRYH10620,06:52:00,06:54:00,BAND,BANASWADI STN.,4
LRYH10620,07:08:00,07:09:00,BLRR,BELLANDUR RD STN.,5
LRYH10620,07:15:00,07:16:00,CRLM,KARMELARAM STN.,6
LRYH10620,07:26:00,07:27:00,HLE,HEELALIGE STN.,7
LRYH10620,07:39:00,07:40:00,AEK,ANEKAL ROAD STN.,8
LR5720715,07:10:00,07:15:00,SBC,BANGALORE CITY STN.,1
LR5720715,07:25:00,07:27:00,BNC,CANTONMENT STN.,2
LR5720715,07:32:00,07:34:00,BNCE,BANGALORE EAST STN.,3
LR5720715,07:40:00,07:42:00,BYPL,BYAPPANAHALLI STN.,4
LR5720715,07:49:00,07:51:00,BLRR,BELLANDUR RD STN.,5
LR5720715,07:53:00,07:55:00,CRLM,KARMELARAM STN.,6
LR5720715,08:03:00,08:05:00,HLE,HEELALIGE STN.,7
LR5720715,08:15:00,08:17:00,AEK,ANEKAL ROAD STN.,8
LRYH21535,15:30:00,15:35:00,YPR,YESWANTAPUR STN.,1
LRYH21535,15:40:00,15:41:00,LOGH,LOTTEGOLLAHALLI STN.,2
LRYH21535,15:51:00,15:52:00,HEB,HEBBAL STN.,3
LRYH21535,16:07:00,16:08:00,BAND,BANASWADI STN.,4
LRYH21535,16:20:00,16:21:00,BLRR,BELLANDUR RD STN.,5
LRYH21535,16:27:00,16:28:00,CRLM,KARMELARAM STN.,6
LRYH21535,16:37:00,16:38:00,HLE,HEELALIGE STN.,7
LRYH21535,16:47:00,16:48:00,AEK,ANEKAL ROAD STN.,8
LR5741605,16:00:00,16:05:00,YPR,YESWANTAPUR STN.,1
LR5741605,16:09:00,16:11:00,LOGH,LOTTEGOLLAHALLI STN.,2
LR5741605,16:18:00,16:20:00,HEB,HEBBAL STN.,3
LR5741605,16:33:00,16:35:00,BAND,BANASWADI STN.,4
LR5741605,16:53:00,16:55:00,BLRR,BELLANDUR RD STN.,6
LR5741605,16:58:00,17:00:00,CRLM,KARMELARAM STN.,7
LR5741605,17:07:00,17:09:00,HLE,HEELALIGE STN.,8
LR5741605,17:17:00,17:19:00,AEK,ANEKAL ROAD STN.,9
LRHY10810,08:23:00,08:24:00,AEK,ANEKAL ROAD STN.,1
LRHY10810,08:33:00,08:34:00,HLE,HEELALIGE STN.,2
LRHY10810,08:42:00,08:43:00,CRLM,KARMELARAM STN.,3
LRHY10810,08:48:00,08:49:00,BLRR,BELLANDUR RD STN.,4
LRHY10810,09:00:00,09:06:00,BAND,BANASWADI STN.,5
LRHY10810,09:20:00,09:21:00,HEB,HEBBAL STN.,6
LRHY10810,09:30:00,09:31:00,LOGH,LOTTEGOLLAHALLI STN.,7
LRHY10810,09:50:00,09:55:00,YPR,YESWANTAPUR STN.,8
LR5730844,08:44:00,08:45:00,AEK,ANEKAL ROAD STN.,1
LR5730844,08:57:00,08:58:00,HLE,HEELALIGE STN.,2
LR5730844,09:12:00,09:13:00,CRLM,KARMELARAM STN.,3
LR5730844,09:17:00,09:18:00,BLRR,BELLANDUR RD STN.,4
LR5730844,09:39:00,09:40:00,BAND,BANASWADI STN.,5
LR5730844,09:54:00,09:55:00,HEB,HEBBAL STN.,6
LR5730844,09:59:00,10:00:00,LOGH,LOTTEGOLLAHALLI STN.,7
LR5730844,10:50:00,10:51:00,YPR,YESWANTAPUR STN.,8
LRHY21759,17:59:00,18:00:00,AEK,ANEKAL ROAD STN.,1
LRHY21759,18:09:00,18:10:00,HLE,HEELALIGE STN.,2
LRHY21759,18:18:00,18:19:00,CRLM,KARMELARAM STN.,3
LRHY21759,18:24:00,18:25:00,BLRR,BELLANDUR RD STN.,4
LRHY21759,18:43:00,18:44:00,BAND,BANASWADI STN.,5
LRHY21759,18:57:00,18:58:00,HEB,HEBBAL STN.,6
LRHY21759,19:07:00,19:08:00,LOGH,LOTTEGOLLAHALLI STN.,7
LRHY21759,19:20:00,19:21:00,YPR,YESWANTAPUR STN.,8
LRYD11040,10:35:00,10:40:00,YPR,YESWANTAPUR STN.,1
LRYD11040,10:45:00,10:46:00,LOGH,LOTTEGOLLAHALLI STN.,2
LRYD11040,10:49:00,10:50:00,KDGH,KODIGEHALLI STN.,3
LRYD11040,11:03:00,11:05:00,YNK,YELAHANKA STN.,4
LRYD11040,11:13:00,11:14:00,TLS,BETTA HASOOR STN.,5
LRYD11040,11:22:00,11:23:00,DJL,DODJALA STN.,6
LRYD11040,11:45:00,11:46:00,DHL,DEVANAHALLI STN.,7
LR1020920,09:15:00,09:20:00,SBC,BANGALORE CITY STN.,1
LR1020920,09:30:00,09:32:00,BNC,CANTONMENT STN.,2
LR1020920,09:35:00,09:37:00,BNCE,BANGALORE EAST STN.,3
LR1020920,09:41:00,09:43:00,BYPL,BYAPPANAHALLI STN.,4
LR1020920,09:46:00,09:48:00,KJM,K R PURAM STN.,5
LR1020920,10:01:00,10:03:00,WFD,WHITEFIELD STN.,6
LR5260700,06:55:00,07:00:00,SBC,BANGALORE CITY STN.,1
LR5260700,07:10:00,07:12:00,BNC,CANTONMENT STN.,2
LR5260700,07:17:00,07:18:00,BNCE,BANGALORE EAST STN.,3
LR5260700,07:24:00,07:25:00,BYPL,BYAPPANAHALLI STN.,4
LR5260700,07:29:00,07:30:00,KJM,K R PURAM STN.,5
LR5260700,07:44:00,07:45:00,WFD,WHITEFIELD STN.,6
LR4330800,08:10:00,08:10:00,YPR,YESWANTAPUR STN.,1
LR4330800,08:18:00,08:19:00,KDGH,KODIGEHALLI STN.,2
LR4330800,08:34:00,08:35:00,YNK,YELAHANKA STN.,3
LR1011748,17:48:00,17:50:00,WFD,WHITEFIELD STN.,1
LR1011748,18:03:00,18:05:00,KJM,K R PURAM STN.,2
LR1011748,18:10:00,18:12:00,BYPL,BYAPPANAHALLI STN.,3
LR1011748,18:16:00,18:18:00,BNCE,BANGALORE EAST STN.,4
LR1011748,18:24:00,18:26:00,BNC,CANTONMENT STN.,5
LR1011748,18:45:00,18:46:00,SBC,BANGALORE CITY STN.,6
LR4341524,15:24:00,15:25:00,YNK,YELAHANKA STN.,1
LR4341524,15:32:00,15:33:00,KDGH,KODIGEHALLI STN.,2
LR4341524,15:36:00,15:37:00,LOGH,LOTTEGOLLAHALLI STN.,3
LR4341524,17:10:00,17:11:00,YPR,YESWANTAPUR STN.,4
LR5510840,08:39:00,08:40:00,SBC,BANGALORE CITY STN.,1
LR5510840,08:48:00,08:50:00,BNC,CANTONMENT STN.,2
LR5510840,08:54:00,08:56:00,BNCE,BANGALORE EAST STN.,3
LR5510840,09:01:00,09:03:00,BYPL,BYAPPANAHALLI STN.,4
LR5510840,09:10:00,09:12:00,CSDR,CHENNASANDRA STN.,5
LR5510840,09:29:00,09:31:00,YNK,YELAHANKA STN.,6
LR5510840,09:36:00,09:37:00,TLS,BETTA HASOOR STN.,7
LR5510840,09:40:00,09:41:00,DJL,DODJALA STN.,8
LR5510840,09:54:00,09:56:00,DHL,DEVANAHALLI STN.,9
LR5711710,17:09:00,17:10:00,AEK,ANEKAL ROAD STN.,1
LR5711710,17:21:00,17:22:00,HLE,HEELALIGE STN.,2
LR5711710,17:34:00,17:35:00,CRLM,KARMELARAM STN.,3
LR5711710,17:39:00,17:40:00,BLRR,BELLANDUR RD STN.,4
LR5711710,18:19:00,18:20:00,BYPL,BYAPPANAHALLI STN.,5
LR5711710,18:25:00,18:26:00,BNCE,BANGALORE EAST STN.,6
LR5711710,18:35:00,18:36:00,BNC,CANTONMENT STN.,7
LR5711710,19:00:00,19:15:00,SBC,BANGALORE CITY STN.,8
LR65212228,22:27:00,22:28:00,WFD,WHITEFIELD STN.,1
LR65212228,22:36:00,22:38:00,KJM,K R PURAM STN.,2
LR65212228,22:46:00,22:47:00,BNCE,BANGALORE EAST STN.,3
LR65212228,22:53:00,22:55:00,BNC,CANTONMENT STN.,4
LR65212228,23:20:00,23:21:00,SBC,BANGALORE CITY STN.,5
LR26100800,07:55:00,08:00:00,SBC,BANGALORE CITY STN.,1
LR26100800,08:10:00,08:12:00,BNC,CANTONMENT STN.,2
LR26100800,08:22:00,08:24:00,KJM,K R PURAM STN.,3
LR26100800,08:33:00,08:35:00,WFD,WHITEFIELD STN.,4
LR26091902,19:01:00,19:02:00,WFD,WHITEFIELD STN.,1
LR26091902,19:13:00,19:15:00,KJM,K R PURAM STN.,2
LR26091902,19:28:00,19:29:00,BNCE,BANGALORE EAST STN.,3
LR26091902,19:36:00,19:38:00,BNC,CANTONMENT STN.,4
LR26091902,20:05:00,20:10:00,SBC,BANGALORE CITY STN.,5
LR26770615,06:10:00,06:15:00,SBC,BANGALORE CITY STN.,1
LR26770615,06:25:00,06:27:00,BNC,CANTONMENT STN.,2
LR26770615,06:46:00,06:47:00,CRLM,KARMELARAM STN.,3
LR26781848,18:47:00,18:48:00,CRLM,KARMELARAM STN.,1
LR26781848,19:20:00,19:22:00,BNC,CANTONMENT STN.,2
LR26781848,19:50:00,19:55:00,SBC,BANGALORE CITY STN.,3
LR622220450,03:04:00,03:05:00,WFD,WHITEFIELD STN.,1
LR622220450,03:13:00,03:15:00,KJM,K R PURAM STN.,2
LR622220450,03:24:00,03:25:00,BNCE,BANGALORE EAST STN.,3
LR622220450,03:35:00,03:40:00,BNC,CANTONMENT STN.,4
LR622220450,04:10:00,04:50:00,SBC,BANGALORE CITY STN.,5
LR622220450,05:07:00,05:08:00,KGI,KENGERI STN.,6
LR622220450,05:23:00,05:24:00,BID,BIDADI STN.,7
LR62161815,18:10:00,18:15:00,SBC,BANGALORE CITY STN.,1
LR62161815,18:34:00,18:35:00,KGI,KENGERI STN.,2
LR62161815,18:49:00,18:50:00,BID,BIDADI STN.,3
LR67310700,04:51:00,04:52:00,CRLM,KARMELARAM STN.,1
LR67310700,05:31:00,05:33:00,BNCE,BANGALORE EAST STN.,2
LR67310700,05:38:00,05:43:00,BNC,CANTONMENT STN.,3
LR67310700,06:40:00,07:00:00,SBC,BANGALORE CITY STN.,4
LR67310700,07:19:00,07:20:00,KGI,KENGERI STN.,5
LR67310700,07:34:00,07:35:00,BID,BIDADI STN.,6
LR73041200,11:40:00,11:45:00,YPR,YESWANTAPUR STN.,1
LR73041200,11:55:00,12:00:00,SBC,BANGALORE CITY STN.,2
LR73041200,12:20:00,12:21:00,KGI,KENGERI STN.,3
LR73041200,12:36:00,12:37:00,BID,BIDADI STN.,4
LR2140730,05:59:00,06:00:00,WFD,WHITEFIELD STN.,1
LR2140730,06:08:00,06:10:00,KJM,K R PURAM STN.,2
LR2140730,06:19:00,06:20:00,BYPL,BYAPPANAHALLI STN.,3
LR2140730,06:26:00,06:27:00,BNCE,BANGALORE EAST STN.,4
LR2140730,06:30:00,06:35:00,BNC,CANTONMENT STN.,5
LR2140730,07:10:00,07:30:00,SBC,BANGALORE CITY STN.,6
LR2140730,07:50:00,07:51:00,KGI,KENGERI STN.,7
LR2140730,08:07:00,08:08:00,BID,BIDADI STN.,8
LR2300525,05:20:00,05:25:00,SBC,BANGALORE CITY STN.,1
LR2300525,05:38:00,05:40:00,NYH,NAYANDAHALLI STN.,2
LR2300525,05:46:00,05:48:00,KGI,KENGERI STN.,3
LR2300525,06:03:00,06:05:00,BID,BIDADI STN.,4
LR2381900,18:55:00,19:00:00,SBC,BANGALORE CITY STN.,1
LR2381900,19:14:00,19:15:00,NYH,NAYANDAHALLI STN.,2
LR2381900,19:18:00,19:19:00,GNB,GNANA BHARATI STN.,3
LR2381900,19:23:00,19:24:00,KGI,KENGERI STN.,4
LR2381900,19:33:00,19:34:00,HJL,HEIJALA STN.,5
LR2381900,19:39:00,19:40:00,BID,BIDADI STN.,6
LR2320930,09:25:00,09:30:00,SBC,BANGALORE CITY STN.,1
LR2320930,09:45:00,09:47:00,NYH,NAYANDAHALLI STN.,2
LR2320930,09:49:00,09:51:00,GNB,GNANA BHARATI STN.,3
LR2320930,09:55:00,09:57:00,KGI,KENGERI STN.,4
LR2320930,10:05:00,10:07:00,HJL,HEIJALA STN.,5
LR2320930,10:11:00,10:13:00,BID,BIDADI STN.,6
LR2341625,16:20:00,16:25:00,SBC,BANGALORE CITY STN.,1
LR2341625,16:41:00,16:43:00,NYH,NAYANDAHALLI STN.,2
LR2341625,16:45:00,16:47:00,GNB,GNANA BHARATI STN.,3
LR2341625,16:51:00,16:53:00,KGI,KENGERI STN.,4
LR2341625,17:01:00,17:03:00,HJL,HEIJALA STN.,5
LR2341625,17:07:00,17:09:00,BID,BIDADI STN.,6
LR2362355,23:50:00,23:55:00,SBC,BANGALORE CITY STN.,1
LR2362355,24:11:00,24:12:00,NYH,NAYANDAHALLI STN.,2
LR2362355,24:21:00,24:22:00,KGI,KENGERI STN.,3
LR2362355,24:34:00,24:35:00,HJL,HEIJALA STN.,4
LR2362355,24:43:00,24:44:00,BID,BIDADI STN.,5
LR62321800,17:58:00,18:00:00,KGI,KENGERI STN.,1
LR62321800,18:45:00,19:05:00,SBC,BANGALORE CITY STN.,2
LR62321800,19:15:00,19:20:00,BNC,CANTONMENT STN.,3
LR62321800,19:37:00,19:38:00,CRLM,KARMELARAM STN.,4
LR65272000,19:55:00,20:00:00,YPR,YESWANTAPUR STN.,1
LR65272000,20:25:00,20:27:00,BAND,BANASWADI STN.,2
LR65272000,20:44:00,20:45:00,CRLM,KARMELARAM STN.,3
BIAS10600,05:57:00,05:58:12,513,Gottigere,1
BIAS10600,06:03:19,06:04:31,1137,Meenakshi Temple,2
BIAS10600,06:08:16,06:09:28,649,Hulimavu Gate,3
BIAS10600,06:13:30,06:14:42,68,Arekere Gate,4
BIAS10600,06:18:50,06:20:02,217,Bilekahalli,5
BIAS10600,06:23:48,06:25:00,366,Dalmiya Circle (J P Nagar 3rd Phase),6
BIAS10600,06:30:27,06:31:39,544,Gurappanapalya,7
BIAS10600,06:35:44,06:36:56,123,Bangalore Dairy,8
BIAS10600,06:40:46,06:41:58,1279,Nimhans,9
BIAS10600,06:46:04,06:47:16,1697,Wilson Garden 9th Cross,10
BIAS10600,06:50:42,06:51:54,1698,Wilson Garden Police Station,11
BIAS10600,06:55:33,06:56:45,1445,Shanthinagar Bus Station,12
BIAS10600,07:07:11,07:08:23,357,Corporation,13
BIAS10600,07:12:21,07:13:33,879,Kaveri Bhavan,14
BIAS10600,07:23:39,07:24:51,889,Kempegowda Bus Station,15
BIAS10600,07:30:13,07:31:25,1699,Windsor Manor,16
BIAS10600,07:36:57,07:38:09,1143,Mekhri Circle,17
BIAS10600,07:43:35,07:44:47,583,Hebbal,18
BIAS10600,07:49:06,07:50:18,1152,Military Dairy Farm Gate,19
BIAS10600,07:54:12,07:55:24,248,Byatarayanapura (Bellary Road),20
BIAS10600,08:05:46,08:06:58,929,Kogilu Cross,21
BIAS10600,08:11:19,08:12:31,1650,Venkatala,22
BIAS10600,08:18:01,08:19:13,665,IAF,23
BIAS10600,08:23:38,08:24:50,654,Hunasemaranahalli,24
BIAS10600,08:28:46,08:29:58,183,Bettahalasur Cross,25
BIAS10600,08:34:13,08:35:25,1658,Vidyanagara Cross,26
BIAS10600,08:39:55,08:41:07,319,Chikkajala,27
BIAS10600,08:46:14,08:47:26,129,Bangalore Turf Club (Bellary Road),28
BIAS10600,08:50:47,08:51:59,1404,Sadahalli Cross,29
BIAS10600,08:56:33,08:57:45,127,Bangalore International Airport Trumpet Interchange,30
BIAS10600,09:14:24,09:15:36,126,Bengaluru International Airport,31
BIAS40600,05:55:00,06:00:00,553,HAL Main Gate,1
BIAS40600,06:03:23,06:04:35,551,HAL ESI Hospital,2
BIAS40600,06:09:57,06:11:09,1239,Nallurupura Cross,3
BIAS40600,06:15:30,06:16:42,177,BEML Gate,4
BIAS40600,06:20:22,06:21:34,548,HAL 3rd Stage,5
BIAS40600,06:24:54,06:26:06,1584,Thippasandra Market (Indiranagar),6
BIAS40600,06:29:22,06:30:34,1581,Thippasandra (Indiranagar),7
BIAS40600,06:34:06,06:35:18,330,Chinmaya Mission Hospital,8
BIAS40600,06:38:55,06:40:07,684,Indiranagar Police Station,9
BIAS40600,06:43:59,06:45:11,1016,Lakshmipura (Halasuru),10
BIAS40600,06:48:42,06:49:54,556,Halasuru,11
BIAS40600,06:54:03,06:55:15,1607,Trinity Circle,12
BIAS40600,06:58:35,06:59:47,572,Hasanath Women's College,13
BIAS40600,07:00:53,07:02:05,24,Ajanta Talkies,14
BIAS40600,07:02:46,07:03:58,1005,Lakeside Hospital,15
BIAS40600,07:04:59,07:06:11,353,Coles Park,16
BIAS40600,07:10:32,07:11:44,267,Cantonment Railway Station,17
BIAS40600,07:16:07,07:17:19,739,Jayamahal,18
BIAS40600,07:20:23,07:21:35,706,J C Nagar,19
BIAS40600,07:21:47,07:22:59,1611,TV Tower,20
BIAS40600,07:27:22,07:28:34,1143,Mekhri Circle,21
BIAS40600,07:31:34,07:32:46,667,IAF Training School,22
BIAS40600,07:33:37,07:34:49,472,Ganganagar,23
BIAS40600,07:35:06,07:36:18,273,CBI,24
BIAS40600,07:36:33,07:37:45,1653,Veterinary College,25
BIAS40600,07:41:26,07:42:38,43,Anandanagar,26
BIAS40600,07:46:13,07:47:25,583,Hebbal,27
BIAS40600,07:48:44,07:49:56,1152,Military Dairy Farm Gate,28
BIAS40600,07:50:49,07:52:01,920,Kodigehalli Gate (Bellary Road),29
BIAS40600,07:52:02,07:53:14,248,Byatarayanapura (Bellary Road),30
BIAS40600,07:55:35,07:56:47,724,Jakkur,31
BIAS40600,08:00:49,08:02:01,29,Allalasandra,32
BIAS40600,08:06:41,08:07:53,1714,Yelahanka Police Station,33
BIAS40600,08:11:56,08:13:08,1710,Yelahanka,34
BIAS40600,08:15:33,08:16:45,929,Kogilu Cross,35
BIAS40600,08:21:05,08:22:17,1650,Venkatala,36
BIAS40600,08:24:47,08:25:59,665,IAF,37
BIAS40600,08:27:24,08:28:36,654,Hunasemaranahalli,38
BIAS40600,08:29:33,08:30:45,183,Bettahalasur Cross,39
BIAS40600,08:32:00,08:33:12,1658,Vidyanagara Cross,40
BIAS40600,08:34:41,08:35:53,319,Chikkajala,41
BIAS40600,08:38:00,08:39:12,129,Bangalore Turf Club (Bellary Road),42
BIAS40600,08:39:34,08:40:46,1404,Sadahalli Cross,43
BIAS40600,08:42:19,08:43:31,127,Bangalore International Airport Trumpet Interchange,44
BIAS40600,08:52:02,08:53:14,126,Bengaluru International Airport,45
BIAS406001,08:52:02,08:53:14,553,HAL Main Gate,45
BIAS406001,08:47:26,08:48:38,551,HAL ESI Hospital,44
BIAS406001,08:40:52,08:42:04,1239,Nallurupura Cross,43
BIAS406001,08:35:19,08:36:31,177,BEML Gate,42
BIAS406001,08:30:28,08:31:40,548,HAL 3rd Stage,41
BIAS406001,08:25:55,08:27:07,1584,Thippasandra Market (Indiranagar),40
BIAS406001,08:21:28,08:22:40,1581,Thippasandra (Indiranagar),39
BIAS406001,08:16:43,08:17:55,330,Chinmaya Mission Hospital,38
BIAS406001,08:11:54,08:13:06,684,Indiranagar Police Station,37
BIAS406001,08:06:50,08:08:02,1016,Lakshmipura (Halasuru),36
BIAS406001,08:02:07,08:03:19,556,Halasuru,35
BIAS406001,07:56:46,07:57:58,1607,Trinity Circle,34
BIAS406001,07:52:14,07:53:26,572,Hasanath Women's College,33
BIAS406001,07:49:56,07:51:08,24,Ajanta Talkies,32
BIAS406001,07:48:03,07:49:15,1005,Lakeside Hospital,31
BIAS406001,07:45:50,07:47:02,353,Coles Park,30
BIAS406001,07:40:17,07:41:29,267,Cantonment Railway Station,29
BIAS406001,07:34:42,07:35:54,739,Jayamahal,28
BIAS406001,07:30:26,07:31:38,706,J C Nagar,27
BIAS406001,07:29:02,07:30:14,1611,TV Tower,26
BIAS406001,07:23:27,07:24:39,1143,Mekhri Circle,25
BIAS406001,07:19:15,07:20:27,667,IAF Training School,24
BIAS406001,07:17:12,07:18:24,472,Ganganagar,23
BIAS406001,07:15:43,07:16:55,273,CBI,22
BIAS406001,07:14:16,07:15:28,1653,Veterinary College,21
BIAS406001,07:09:23,07:10:35,43,Anandanagar,20
BIAS406001,07:04:36,07:05:48,583,Hebbal,19
BIAS406001,07:02:06,07:03:18,1152,Military Dairy Farm Gate,18
BIAS406001,07:00:00,07:01:12,920,Kodigehalli Gate (Bellary Road),17
BIAS406001,06:58:47,06:59:59,248,Byatarayanapura (Bellary Road),16
BIAS406001,06:55:14,06:56:26,724,Jakkur,15
BIAS406001,06:50:00,06:51:12,29,Allalasandra,14
BIAS406001,06:44:08,06:45:20,1714,Yelahanka Police Station,13
BIAS406001,06:38:53,06:40:05,1710,Yelahanka,12
BIAS406001,06:35:16,06:36:28,929,Kogilu Cross,11
BIAS406001,06:29:44,06:30:56,1650,Venkatala,10
BIAS406001,06:26:02,06:27:14,665,IAF,9
BIAS406001,06:23:25,06:24:37,654,Hunasemaranahalli,8
BIAS406001,06:21:17,06:22:29,183,Bettahalasur Cross,7
BIAS406001,06:18:50,06:20:02,1658,Vidyanagara Cross,6
BIAS406001,06:16:08,06:17:20,319,Chikkajala,5
BIAS406001,06:12:49,06:14:01,129,Bangalore Turf Club (Bellary Road),4
BIAS406001,06:11:15,06:12:27,1404,Sadahalli Cross,3
BIAS406001,06:08:30,06:09:42,127,Bangalore International Airport Trumpet Interchange,2
BIAS406001,05:55:00,06:00:00,126,Bengaluru International Airport,1
LR72091320,12:35:00,13:20:00,SBC,BANGALORE CITY STN.,1
LR72091320,13:30:00,13:35:00,BNC,CANTONMENT STN.,2
LR72091320,13:45:00,13:47:00,KJM,K R PURAM STN.,3
LR72091320,13:55:00,13:57:00,WFD,WHITEFIELD STN.,4
LR26401430,13:20:00,14:30:00,SBC,BANGALORE CITY STN.,1
LR26401430,14:40:00,14:45:00,BNC,CANTONMENT STN.,2
LR26401430,14:51:00,14:53:00,KJM,K R PURAM STN.,3
BIAS50515,05:10:00,05:15:00,713,J P Nagar 6th Phase,1
BIAS50515,05:20:20,05:21:32,1509,SSMRV College,2
BIAS50515,05:25:15,05:26:27,81,Aurobindo Circle (J P Nagar),3
BIAS50515,05:30:05,05:31:17,742,Jayanagar 4th Block,5
BIAS50515,05:34:50,05:36:02,741,Jayanagar 3rd Block,6
BIAS50515,05:39:39,05:40:51,1053,Madhavan Park,7
BIAS50515,05:44:08,05:45:20,740,Jayanagar 1st Block,8
BIAS50515,05:49:12,05:50:24,72,Ashoka Pillar,9
BIAS50515,05:55:41,05:56:53,1445,Shanthinagar Bus Station,13
BIAS50515,06:00:21,06:01:33,429,Double Road,14
BIAS50515,06:05:38,06:06:50,1398,Richmond Circle(Towards Mayohall),15
BIAS50515,06:10:58,06:12:10,1036,M G Road (Anil Kumble Circle),16
BIAS50515,06:16:09,06:17:21,675,Indian Express/Balekundri Circle,17
BIAS50515,06:22:05,06:23:17,1699,Windsor Manor,18
BIAS50515,06:28:49,06:30:01,667,IAF Training School,27
BIAS50515,06:33:52,06:35:04,472,Ganganagar,28
BIAS50515,06:38:21,06:39:33,273,CBI,29
BIAS50515,06:42:48,06:44:00,1653,Veterinary College,30
BIAS50515,06:47:41,06:48:53,43,Anandanagar,31
BIAS50515,06:52:28,06:53:40,583,Hebbal,32
BIAS50515,06:54:59,06:56:11,1152,Military Dairy Farm Gate,33
BIAS50515,06:57:04,06:58:16,920,Kodigehalli Gate (Bellary Road),34
BIAS50515,06:58:17,06:59:29,248,Byatarayanapura (Bellary Road),35
BIAS50515,07:01:51,07:03:03,724,Jakkur,36
BIAS50515,07:04:04,07:05:16,29,Allalasandra,37
BIAS50515,07:06:56,07:08:08,1714,Yelahanka Police Station,38
BIAS50515,07:09:11,07:10:23,1710,Yelahanka,39
BIAS50515,07:12:48,07:14:00,929,Kogilu Cross,40
BIAS50515,07:15:20,07:16:32,1650,Venkatala,41
BIAS50515,07:19:02,07:20:14,665,IAF,42
BIAS50515,07:21:39,07:22:51,654,Hunasemaranahalli,43
BIAS50515,07:23:48,07:25:00,183,Bettahalasur Cross,44
BIAS50515,07:26:15,07:27:27,1658,Vidyanagara Cross,45
BIAS50515,07:28:56,07:30:08,319,Chikkajala,46
BIAS50515,07:32:15,07:33:27,129,Bangalore Turf Club (Bellary Road),47
BIAS50515,07:33:49,07:35:01,1404,Sadahalli Cross,48
BIAS50515,07:36:34,07:37:46,127,Bangalore International Airport Trumpet Interchange,49
BIAS50515,07:43:17,07:44:29,126,Bengaluru International Airport,50
BIAS60820,08:10:00,08:20:00,802,Kadugodi,1
BIAS60820,08:26:25,08:27:37,621,Hope Farm,2
BIAS60820,08:32:12,08:33:24,1691,Whitefield Club,3
BIAS60820,08:36:37,08:37:49,1693,Whitefield Post Office,4
BIAS60820,08:42:03,08:43:15,1640,Varthur Kodi,5
BIAS60820,08:46:48,08:48:00,1377,Ramagondanahalli (Varthur Road),6
BIAS60820,08:51:56,08:53:08,1468,Siddapura (Varthur Road),7
BIAS60820,08:57:18,08:58:30,1608,Tubarahalli,8
BIAS60820,09:02:12,09:03:24,990,Kundalahalli Gate,9
BIAS60820,09:07:30,09:08:42,1179,Munnekolalu Cross,10
BIAS60820,09:11:59,09:13:11,1113,Marathahalli Bridge,11
BIAS60820,09:16:34,09:17:46,1112,Marathahalli,12
BIAS60820,09:22:34,09:23:46,552,HAL Kalyana Mantapa,13
BIAS60820,09:28:36,09:29:48,553,HAL Main Gate,14
BIAS60820,09:33:03,09:34:15,1675,Vimanapura,15
BIAS60820,09:38:04,09:39:16,940,Konena Agrahara,16
BIAS60820,09:42:38,09:43:50,1181,Murugeshpalya,17
BIAS60820,09:47:39,09:48:51,1100,Manipal Hospital,18
BIAS60820,09:52:10,09:53:22,924,Kodihalli (Old Airport Road),19
BIAS60820,09:56:42,09:57:54,392,Diamond District,20
BIAS60820,10:01:27,10:02:39,422,Domlur,21
BIAS60820,10:06:50,10:08:02,354,Command Hospital,22
BIAS60820,10:12:22,10:13:34,1607,Trinity Circle,23
BIAS60820,10:16:53,10:18:05,572,Hasanath Women's College,24
BIAS60820,10:22:11,10:23:23,24,Ajanta Talkies,25
BIAS60820,10:27:05,10:28:17,1005,Lakeside Hospital,26
BIAS60820,10:32:17,10:33:29,353,Coles Park,27
BIAS60820,10:37:50,10:39:02,267,Cantonment Railway Station,28
BIAS60820,10:43:25,10:44:37,739,Jayamahal,29
BIAS60820,10:47:41,10:48:53,706,J C Nagar,30
BIAS60820,10:52:05,10:53:17,1611,TV Tower,31
BIAS60820,10:57:40,10:58:52,1143,Mekhri Circle,32
BIAS60820,11:01:53,11:03:05,667,IAF Training School,33
BIAS60820,11:06:55,11:08:07,472,Ganganagar,34
BIAS60820,11:11:24,11:12:36,273,CBI,35
BIAS60820,11:15:51,11:17:03,1653,Veterinary College,36
BIAS60820,11:20:44,11:21:56,43,Anandanagar,37
BIAS60820,11:25:31,11:26:43,583,Hebbal,38
BIAS60820,11:28:02,11:29:14,1152,Military Dairy Farm Gate,39
BIAS60820,11:30:07,11:31:19,920,Kodigehalli Gate (Bellary Road),40
BIAS60820,11:31:20,11:32:32,248,Byatarayanapura (Bellary Road),41
BIAS60820,11:34:54,11:36:06,724,Jakkur,42
BIAS60820,11:37:07,11:38:19,29,Allalasandra,43
BIAS60820,11:39:59,11:41:11,1714,Yelahanka Police Station,44
BIAS60820,11:42:14,11:43:26,1710,Yelahanka,45
BIAS60820,11:45:51,11:47:03,929,Kogilu Cross,46
BIAS60820,11:48:23,11:49:35,1650,Venkatala,47
BIAS60820,11:52:05,11:53:17,665,IAF,48
BIAS60820,11:54:42,11:55:54,654,Hunasemaranahalli,49
BIAS60820,11:56:51,11:58:03,183,Bettahalasur Cross,50
BIAS60820,11:59:18,12:00:30,1658,Vidyanagara Cross,51
BIAS60820,12:02:00,12:03:12,319,Chikkajala,52
BIAS60820,12:05:18,12:06:30,129,Bangalore Turf Club (Bellary Road),53
BIAS60820,12:06:52,12:08:04,1404,Sadahalli Cross,54
BIAS60820,12:09:37,12:10:49,127,Bangalore International Airport Trumpet Interchange,55
BIAS60820,12:16:20,12:17:32,126,Bengaluru International Airport,56
BIAS70610,06:05:00,06:10:00,641,HSR Layout BDA Complex,1
BIAS70610,06:11:16,06:12:28,723,Jakkasandra,2
BIAS70610,06:12:55,06:14:07,946,Koramangala,3
BIAS70610,06:14:35,06:15:47,774,John Fowler,4
BIAS70610,06:16:50,06:18:02,956,Koramangala Water Tank,5
BIAS70610,06:18:41,06:19:53,1510,St John's Hospital,6
BIAS70610,06:20:18,06:21:30,456,Forum/Madiwala Checkpost,7
BIAS70610,06:22:19,06:23:31,123,Bangalore Dairy,8
BIAS70610,06:24:22,06:25:34,1279,NIMHANS,9
BIAS70610,06:26:25,06:27:37,1006,Lakkasandra,10
BIAS70610,06:27:54,06:29:06,1697,Wilson Garden 9th Cross,11
BIAS70610,06:29:32,06:30:44,1698,Wilson Garden Police Station,12
BIAS70610,06:31:23,06:32:35,1445,Shanthinagar Bus Station,13
BIAS70610,06:33:03,06:34:15,429,Double Road,14
BIAS70610,06:35:20,06:36:32,1398,Richmond Circle(Towards Mayohall),15
BIAS70610,06:36:46,06:37:58,122,Bangalore Club,16
BIAS70610,06:38:30,06:39:42,1511,St Mark's Road,17
BIAS70610,06:40:06,06:41:18,1036,M G Road (Anil Kumble Circle),18
BIAS70610,06:42:05,06:43:17,1461,Shivajinagar,19
BIAS70610,06:43:55,06:45:07,675,Indian Express/Balekundri Circle,20
BIAS70610,06:46:12,06:47:24,267,Cantonment Railway Station,21
BIAS70610,06:47:42,06:48:54,1642,Vasanthanagar,22
BIAS70610,06:50:21,06:51:33,739,Jayamahal,23
BIAS70610,06:53:11,06:54:23,1143,Mekhri Circle,24
BIAS70610,06:54:23,06:55:35,667,IAF Training School,25
BIAS70610,06:56:25,06:57:37,472,Ganganagar,26
BIAS70610,06:57:54,06:59:06,273,CBI,27
BIAS70610,06:59:22,07:00:34,1653,Veterinary College,28
BIAS70610,07:01:14,07:02:26,43,Anandanagar,29
BIAS70610,07:03:01,07:04:13,583,Hebbal,30
BIAS70610,07:05:32,07:06:44,1152,Military Dairy Farm Gate,31
BIAS70610,07:07:38,07:08:50,920,Kodigehalli Gate (Bellary Road),32
BIAS70610,07:08:50,07:10:02,248,Byatarayanapura (Bellary Road),33
BIAS70610,07:12:24,07:13:36,724,Jakkur,34
BIAS70610,07:14:38,07:15:50,29,Allalasandra,35
BIAS70610,07:17:29,07:18:41,1714,Yelahanka Police Station,36
BIAS70610,07:19:44,07:20:56,1710,Yelahanka,37
BIAS70610,07:23:21,07:24:33,929,Kogilu Cross,38
BIAS70610,07:25:54,07:27:06,1650,Venkatala,39
BIAS70610,07:29:36,07:30:48,665,IAF,40
BIAS70610,07:32:13,07:33:25,654,Hunasemaranahalli,41
BIAS70610,07:34:21,07:35:33,183,Bettahalasur Cross,42
BIAS70610,07:36:48,07:38:00,1658,Vidyanagara Cross,43
BIAS70610,07:39:30,07:40:42,319,Chikkajala,44
BIAS70610,07:42:48,07:44:00,129,Bangalore Turf Club (Bellary Road),45
BIAS70610,07:44:22,07:45:34,1404,Sadahalli Cross,46
BIAS70610,07:47:08,07:48:20,127,Bangalore International Airport Trumpet Interchange,47
BIAS70610,07:53:50,07:55:02,126,Bengaluru International Airport,48
LR27861820,18:15:00,18:20:00,SBC,BANGALORE CITY STN.,1
LR27861820,18:30:00,18:35:00,BNC,CANTONMENT STN.,2
LR27861820,19:03:00,19:05:00,YNK,Yelahanka Stn.,3
BIAS7A0830,08:25:00,08:30:00,641,HSR Layout BDA Complex,1
BIAS7A0830,08:34:16,08:35:28,723,Jakkasandra,2
BIAS7A0830,08:38:55,08:40:07,946,Koramangala,3
BIAS7A0830,08:44:36,08:45:48,956,Koramangala Water Tank,4
BIAS7A0830,08:49:08,08:50:20,1738,Koramangala 3rd block,5
BIAS7A0830,08:54:18,08:55:30,1739,Koramangala Sony World,6
BIAS7A0830,09:00:34,09:01:46,1740,Inner Ring Road Dell,7
BIAS7A0830,09:05:58,09:07:10,422,Domlur,8
BIAS7A0830,09:11:20,09:12:32,354,Command Hospital,9
BIAS7A0830,09:16:52,09:18:04,1607,Trinity Circle,10
BIAS7A0830,09:22:37,09:23:49,1302,Parade Ground,11
BIAS7A0830,09:27:44,09:28:56,1461,Shivajinagar,12
BIAS7A0830,09:32:34,09:33:46,675,Indian Express/Balekundri Circle,13
BIAS7A0830,09:37:51,09:39:03,267,Cantonment Railway Station,14
BIAS7A0830,09:39:20,09:40:32,1642,Vasanthanagar,15
BIAS7A0830,09:44:59,09:46:11,739,Jayamahal,16
BIAS7A0830,09:50:49,09:52:01,1143,Mekhri Circle,17
BIAS7A0830,09:55:01,09:56:13,667,IAF Training School,18
BIAS7A0830,10:00:04,10:01:16,472,Ganganagar,19
BIAS7A0830,10:04:33,10:05:45,273,CBI,20
BIAS7A0830,10:09:00,10:10:12,1653,Veterinary College,21
BIAS7A0830,10:13:53,10:15:05,43,Anandanagar,22
BIAS7A0830,10:15:40,10:16:52,583,Hebbal,23
BIAS7A0830,10:18:11,10:19:23,1152,Military Dairy Farm Gate,24
BIAS7A0830,10:20:16,10:21:28,920,Kodigehalli Gate (Bellary Road),25
BIAS7A0830,10:21:29,10:22:41,248,Byatarayanapura (Bellary Road),26
BIAS7A0830,10:25:03,10:26:15,724,Jakkur,27
BIAS7A0830,10:27:16,10:28:28,29,Allalasandra,28
BIAS7A0830,10:30:08,10:31:20,1714,Yelahanka Police Station,29
BIAS7A0830,10:32:23,10:33:35,1710,Yelahanka,30
BIAS7A0830,10:36:00,10:37:12,929,Kogilu Cross,31
BIAS7A0830,10:38:32,10:39:44,1650,Venkatala,32
BIAS7A0830,10:42:14,10:43:26,665,IAF,33
BIAS7A0830,10:44:51,10:46:03,654,Hunasemaranahalli,34
BIAS7A0830,10:47:00,10:48:12,183,Bettahalasur Cross,35
BIAS7A0830,10:49:27,10:50:39,1658,Vidyanagara Cross,36
BIAS7A0830,10:52:08,10:53:20,319,Chikkajala,37
BIAS7A0830,10:55:27,10:56:39,129,Bangalore Turf Club (Bellary Road),38
BIAS7A0830,10:57:01,10:58:13,1404,Sadahalli Cross,39
BIAS7A0830,10:59:46,11:00:58,127,Bangalore International Airport Trumpet Interchange,40
BIAS7A0830,11:06:29,11:07:41,126,Bengaluru International Airport,41
BIAS80400,03:55:00,04:00:00,445,Electronic City,1
BIAS80400,04:01:00,04:02:12,937,Konappana Agrahara,2
BIAS80400,04:02:51,04:04:03,1318,PES School of Engineering (Hosur Road),3
BIAS80400,04:05:32,04:06:44,625,Hosa Road,4
BIAS80400,04:07:36,04:08:48,1477,Singasandra,5
BIAS80400,04:10:34,04:11:46,973,Kudlu Gate,6
BIAS80400,04:12:27,04:13:39,482,Garebhavipalya,7
BIAS80400,04:15:19,04:16:31,231,Bommanahalli,8
BIAS80400,04:17:17,04:18:29,1401,Rupena Agrahara,9
BIAS80400,04:19:02,04:20:14,275,Central Silk Board,10
BIAS80400,04:21:22,04:22:34,645,HSR Layout SI Apartment,11
BIAS80400,04:23:18,04:24:30,641,HSR Layout BDA Complex,12
BIAS80400,04:26:23,04:27:35,21,Agara BMTC Depot,13
BIAS80400,04:27:40,04:28:52,20,Agara (Sarjapur Road),14
BIAS80400,04:30:09,04:31:21,668,Iblur,15
BIAS80400,04:32:26,04:33:38,170,Bellandur,16
BIAS80400,04:35:06,04:36:18,382,Devarabisanahalli,17
BIAS80400,04:37:14,04:38:26,1275,New Horizon College,18
BIAS80400,04:38:27,04:39:39,796,Kadabisanahalli,19
BIAS80400,04:41:41,04:42:53,691,Innovative Multiplex,20
BIAS80400,04:43:31,04:44:43,1113,Marathahalli Bridge,21
BIAS80400,04:45:29,04:46:41,292,Channappanahalli,22
BIAS80400,04:48:39,04:49:51,416,Doddanekkundi,23
BIAS80400,04:51:45,04:52:57,1065,Mahadevapura,24
BIAS80400,04:53:47,04:54:59,1066,Mahadevapura Cross,25
BIAS80400,04:56:59,04:58:11,789,K R Puram Railway Station,26
BIAS80400,04:58:57,05:00:09,1603,Tin Factory,27
BIAS80400,05:00:50,05:02:02,872,Kasturinagar Cross,28
BIAS80400,05:03:32,05:04:44,91,B Channasandra,29
BIAS80400,05:05:00,05:06:12,1383,Ramamurthynagar Underpass,30
BIAS80400,05:08:19,05:09:31,93,Babusabpalya,31
BIAS80400,05:10:23,05:11:35,829,Kalyananagar (HRBR Layout 2nd Block),32
BIAS80400,05:12:47,05:13:59,638,HRBR Layout 3rd Block,33
BIAS80400,05:14:37,05:15:49,579,HBR Layout 3rd Block,34
BIAS80400,05:16:23,05:17:35,580,HBR Layout 4th Block,35
BIAS80400,05:18:08,05:19:20,581,HBR Layout 5th Block,36
BIAS80400,05:19:53,05:21:05,1229,Nagavara,37
BIAS80400,05:22:15,05:23:27,1646,Veerannanapalya,38
BIAS80400,05:26:07,05:27:19,583,Hebbal,39
BIAS80400,05:28:38,05:29:50,1152,Military Dairy Farm Gate,40
BIAS80400,05:30:43,05:31:55,920,Kodigehalli Gate (Bellary Road),41
BIAS80400,05:31:56,05:33:08,248,Byatarayanapura (Bellary Road),42
BIAS80400,05:35:30,05:36:42,724,Jakkur,43
BIAS80400,05:37:43,05:38:55,29,Allalasandra,44
BIAS80400,05:40:35,05:41:47,1714,Yelahanka Police Station,45
BIAS80400,05:42:50,05:44:02,1710,Yelahanka,46
BIAS80400,05:46:27,05:47:39,929,Kogilu Cross,47
BIAS80400,05:48:59,05:50:11,1650,Venkatala,48
BIAS80400,05:52:42,05:53:54,665,IAF,49
BIAS80400,05:55:19,05:56:31,654,Hunasemaranahalli,50
BIAS80400,05:57:27,05:58:39,183,Bettahalasur Cross,51
BIAS80400,05:59:54,06:01:06,1658,Vidyanagara Cross,52
BIAS80400,06:02:36,06:03:48,319,Chikkajala,53
BIAS80400,06:05:54,06:07:06,129,Bangalore Turf Club (Bellary Road),54
BIAS80400,06:07:28,06:08:40,1404,Sadahalli Cross,55
BIAS80400,06:10:14,06:11:26,127,Bangalore International Airport Trumpet Interchange,56
BIAS80400,06:16:56,06:18:08,126,Bengaluru International Airport,57
BIAS8A0630,06:25:00,06:30:00,997,Kuvempunagar (BTM Layout),1
BIAS8A0630,06:30:33,06:31:45,275,Central Silk Board,2
BIAS8A0630,06:32:53,06:34:05,645,HSR Layout SI Apartment,3
BIAS8A0630,06:34:50,06:36:02,641,HSR Layout BDA Complex,4
BIAS8A0630,06:37:55,06:39:07,21,Agara BMTC Depot,5
BIAS8A0630,06:39:11,06:40:23,20,Agara (Sarjapur Road),6
BIAS8A0630,06:41:40,06:42:52,668,Iblur,7
BIAS8A0630,06:43:57,06:45:09,170,Bellandur,8
BIAS8A0630,06:46:38,06:47:50,382,Devarabisanahalli,9
BIAS8A0630,06:48:45,06:49:57,1275,New Horizon College,10
BIAS8A0630,06:49:59,06:51:11,796,Kadabisanahalli,11
BIAS8A0630,06:53:12,06:54:24,691,Innovative Multiplex,12
BIAS8A0630,06:55:03,06:56:15,1113,Marathahalli Bridge,13
BIAS8A0630,06:57:00,06:58:12,292,Channappanahalli,14
BIAS8A0630,07:00:10,07:01:22,416,Doddanekkundi,15
BIAS8A0630,07:03:17,07:04:29,1065,Mahadevapura,16
BIAS8A0630,07:05:19,07:06:31,1066,Mahadevapura Cross,17
BIAS8A0630,07:08:30,07:09:42,789,K R Puram Railway Station,18
BIAS8A0630,07:10:28,07:11:40,1603,Tin Factory,19
BIAS8A0630,07:12:22,07:13:34,872,Kasturinagar Cross,20
BIAS8A0630,07:15:04,07:16:16,91,B Channasandra,21
BIAS8A0630,07:16:31,07:17:43,1383,Ramamurthynagar Underpass,22
BIAS8A0630,07:19:51,07:21:03,93,Babusabpalya,23
BIAS8A0630,07:21:54,07:23:06,829,Kalyananagar (HRBR Layout 2nd Block),24
BIAS8A0630,07:24:18,07:25:30,638,HRBR Layout 3rd Block,25
BIAS8A0630,07:26:09,07:27:21,579,HBR Layout 3rd Block,26
BIAS8A0630,07:27:54,07:29:06,580,HBR Layout 4th Block,27
BIAS8A0630,07:29:40,07:30:52,581,HBR Layout 5th Block,28
BIAS8A0630,07:31:24,07:32:36,1229,Nagavara,29
BIAS8A0630,07:33:46,07:34:58,1646,Veerannanapalya,30
BIAS8A0630,07:37:38,07:38:50,583,Hebbal,31
BIAS8A0630,07:40:09,07:41:21,1152,Military Dairy Farm Gate,32
BIAS8A0630,07:42:15,07:43:27,920,Kodigehalli Gate (Bellary Road),33
BIAS8A0630,07:43:27,07:44:39,248,Byatarayanapura (Bellary Road),34
BIAS8A0630,07:47:01,07:48:13,724,Jakkur,35
BIAS8A0630,07:49:15,07:50:27,29,Allalasandra,36
BIAS8A0630,07:52:06,07:53:18,1714,Yelahanka Police Station,37
BIAS8A0630,07:54:22,07:55:34,1710,Yelahanka,38
BIAS8A0630,07:57:59,07:59:11,929,Kogilu Cross,39
BIAS8A0630,08:00:31,08:01:43,1650,Venkatala,40
BIAS8A0630,08:04:13,08:05:25,665,IAF,41
BIAS8A0630,08:06:50,08:08:02,654,Hunasemaranahalli,42
BIAS8A0630,08:08:58,08:10:10,183,Bettahalasur Cross,43
BIAS8A0630,08:11:25,08:12:37,1658,Vidyanagara Cross,44
BIAS8A0630,08:14:07,08:15:19,319,Chikkajala,45
BIAS8A0630,08:17:26,08:18:38,129,Bangalore Turf Club (Bellary Road),46
BIAS8A0630,08:18:59,08:20:11,1404,Sadahalli Cross,47
BIAS8A0630,08:21:45,08:22:57,127,Bangalore International Airport Trumpet Interchange,48
BIAS8A0630,08:28:27,08:29:39,126,Bengaluru International Airport,49
BIAS90600,06:00:00,06:00:00,889,Kempegowda Bus Station,1
BIAS90600,06:00:21,06:01:33,42,Anand Rao Circle,2
BIAS90600,06:02:44,06:03:56,1341,Race Course Road,3
BIAS90600,06:04:18,06:05:30,1479,Sivananda Stores,4
BIAS90600,06:06:16,06:07:28,124,Bangalore Golf Course,5
BIAS90600,06:07:55,06:09:07,1699,Windsor Manor,6
BIAS90600,06:09:39,06:10:51,1296,Palace Guttahalli,7
BIAS90600,06:11:14,06:12:26,272,Cauvery Theater,8
BIAS90600,06:14:03,06:15:15,1143,Mekhri Circle,9
BIAS90600,06:15:16,06:16:28,667,IAF Training School,10
BIAS90600,06:17:18,06:18:30,472,Ganganagar,11
BIAS90600,06:18:47,06:19:59,273,CBI,12
BIAS90600,06:20:15,06:21:27,1653,Veterinary College,13
BIAS90600,06:22:07,06:23:19,43,Anandanagar,14
BIAS90600,06:23:54,06:25:06,583,Hebbal,15
BIAS90600,06:26:25,06:27:37,1152,Military Dairy Farm Gate,16
BIAS90600,06:28:30,06:29:42,920,Kodigehalli Gate (Bellary Road),17
BIAS90600,06:29:43,06:30:55,248,Byatarayanapura (Bellary Road),18
BIAS90600,06:33:17,06:34:29,724,Jakkur,19
BIAS90600,06:35:30,06:36:42,29,Allalasandra,20
BIAS90600,06:38:22,06:39:34,1714,Yelahanka Police Station,21
BIAS90600,06:40:37,06:41:49,1710,Yelahanka,22
BIAS90600,06:44:14,06:45:26,929,Kogilu Cross,23
BIAS90600,06:46:46,06:47:58,1650,Venkatala,24
BIAS90600,06:50:29,06:51:41,665,IAF,25
BIAS90600,06:53:06,06:54:18,654,Hunasemaranahalli,26
BIAS90600,06:55:14,06:56:26,183,Bettahalasur Cross,27
BIAS90600,06:57:41,06:58:53,1658,Vidyanagara Cross,28
BIAS90600,07:00:23,07:01:35,319,Chikkajala,29
BIAS90600,07:03:41,07:04:53,129,Bangalore Turf Club (Bellary Road),30
BIAS90600,07:05:15,07:06:27,1404,Sadahalli Cross,31
BIAS90600,07:08:01,07:09:13,127,Bangalore International Airport Trumpet Interchange,32
BIAS90600,07:14:43,07:15:55,126,Bengaluru International Airport,33
BIAS100645,06:40:00,06:45:00,1132,MCTC Mysore Road Bus Station,1
BIAS100645,06:45:15,06:46:27,141,Bapujinagar,2
BIAS100645,06:47:06,06:48:18,374,Deepanjalinagar,3
BIAS100645,06:49:25,06:50:37,78,Attiguppe,4
BIAS100645,06:51:12,06:52:24,1671,Vijayanagar BMTC Depot,5
BIAS100645,06:52:42,06:53:54,1672,Vijayanagar Maruti Mandir,6
BIAS100645,06:54:33,06:55:45,1669,Vijayanagar,7
BIAS100645,06:56:31,06:57:43,1062,Magadi Road Dasarahalli,8
BIAS100645,06:58:34,06:59:46,907,KHB Colony,9
BIAS100645,07:00:36,07:01:48,149,Basaveshwaranagar,10
BIAS100645,07:02:13,07:03:25,573,Havanur Circle,11
BIAS100645,07:04:16,07:05:28,839,Kamalanagar Water Tank,12
BIAS100645,07:06:22,07:07:34,1441,Shankara Mutt (Basaveshwaranagar),13
BIAS100645,07:08:07,07:09:19,1158,Modi Eye Hospital,14
BIAS100645,07:10:02,07:11:14,1257,Navarang Talkies,15
BIAS100645,07:12:14,07:13:26,1507,Srirampuram Harishchandra Ghat,16
BIAS100645,07:13:48,07:15:00,378,Devaiah Park,17
BIAS100645,07:15:32,07:16:44,783,K C General Hospital,18
BIAS100645,07:16:59,07:18:11,1091,Malleswaram Circle,19
BIAS100645,07:18:27,07:19:39,1088,Malleswaram 8th Cross,20
BIAS100645,07:19:57,07:21:09,1086,Malleswaram 11th Cross,21
BIAS100645,07:21:54,07:23:06,1087,Malleswaram 18th Cross,22
BIAS100645,07:23:59,07:25:11,152,Bashyam Circle (Sadashivanagar),23
BIAS100645,07:25:54,07:27:06,272,Cauvery Theater,24
BIAS100645,07:28:44,07:29:56,1143,Mekhri Circle,25
BIAS100645,07:29:56,07:31:08,667,IAF Training School,26
BIAS100645,07:31:59,07:33:11,472,Ganganagar,27
BIAS100645,07:33:27,07:34:39,273,CBI,28
BIAS100645,07:34:55,07:36:07,1653,Veterinary College,29
BIAS100645,07:36:48,07:38:00,43,Anandanagar,30
BIAS100645,07:38:35,07:39:47,583,Hebbal,31
BIAS100645,07:41:05,07:42:17,1152,Military Dairy Farm Gate,32
BIAS100645,07:43:11,07:44:23,920,Kodigehalli Gate (Bellary Road),33
BIAS100645,07:44:24,07:45:36,248,Byatarayanapura (Bellary Road),34
BIAS100645,07:47:57,07:49:09,724,Jakkur,35
BIAS100645,07:50:11,07:51:23,29,Allalasandra,36
BIAS100645,07:53:02,07:54:14,1714,Yelahanka Police Station,37
BIAS100645,07:55:18,07:56:30,1710,Yelahanka,38
BIAS100645,07:58:55,08:00:07,929,Kogilu Cross,39
BIAS100645,08:01:27,08:02:39,1650,Venkatala,40
BIAS100645,08:05:09,08:06:21,665,IAF,41
BIAS100645,08:07:46,08:08:58,654,Hunasemaranahalli,42
BIAS100645,08:09:54,08:11:06,183,Bettahalasur Cross,43
BIAS100645,08:12:21,08:13:33,1658,Vidyanagara Cross,44
BIAS100645,08:15:03,08:16:15,319,Chikkajala,45
BIAS100645,08:18:22,08:19:34,129,Bangalore Turf Club (Bellary Road),46
BIAS100645,08:19:56,08:21:08,1404,Sadahalli Cross,47
BIAS100645,08:22:41,08:23:53,127,Bangalore International Airport Trumpet Interchange,48
BIAS100645,08:29:23,08:30:35,126,Bengaluru International Airport,49
BIAS110330,03:25:00,03:30:00,322,Chikkalasandra,1
BIAS110330,03:30:21,03:31:33,323,Chikkalasandra Arali Mara,2
BIAS110330,03:32:25,03:33:37,485,Gaudanapalya,3
BIAS110330,03:34:46,03:35:58,391,Devegowda Petrol Bunk,4
BIAS110330,03:36:42,03:37:54,832,Kamakhya Theater,5
BIAS110330,03:38:19,03:39:31,873,Katriguppe,6
BIAS110330,03:39:34,03:40:46,874,Katriguppe Janata Bazaar,7
BIAS110330,03:41:42,03:42:54,628,Hosakerehalli Cross,8
BIAS110330,03:43:28,03:44:40,629,Hosakerehalli Petrol Bunk,9
BIAS110330,03:45:08,03:46:20,1317,PES Institute of Technology,10
BIAS110330,03:46:48,03:48:00,1645,Veerabhadranagar,11
BIAS110330,03:48:37,03:49:49,1300,Pantarapalya,12
BIAS110330,03:51:29,03:52:41,200,BHEL Gate (Mysore Road),13
BIAS110330,03:52:49,03:54:01,374,Deepanjalinagar,14
BIAS110330,03:55:07,03:56:19,78,Attiguppe,15
BIAS110330,03:56:55,03:58:07,1671,Vijayanagar BMTC Depot,16
BIAS110330,03:58:25,03:59:37,1672,Vijayanagar Maruti Mandir,17
BIAS110330,04:00:16,04:01:28,1669,Vijayanagar,18
BIAS110330,04:02:36,04:03:48,1063,Magadi Road Toll Gate,19
BIAS110330,04:04:56,04:06:08,1358,Rajajinagar Industrial Town,20
BIAS110330,04:07:21,04:08:33,1356,Rajajinagar EPH,21
BIAS110330,04:09:08,04:10:20,1101,Manjunathanagar (Rajajinagar),22
BIAS110330,04:11:49,04:13:01,1257,Navarang Talkies,23
BIAS110330,04:14:01,04:15:13,1507,Srirampuram Harishchandra Ghat,24
BIAS110330,04:16:13,04:17:25,1257,Navarang Talkies,25
BIAS110330,04:18:25,04:19:37,1507,Srirampuram Harishchandra Ghat,26
BIAS110330,04:19:59,04:21:11,378,Devaiah Park,27
BIAS110330,04:21:43,04:22:55,783,K C General Hospital,28
BIAS110330,04:23:10,04:24:22,1091,Malleswaram Circle,29
BIAS110330,04:24:38,04:25:50,1088,Malleswaram 8th Cross,30
BIAS110330,04:26:08,04:27:20,1086,Malleswaram 11th Cross,31
BIAS110330,04:28:05,04:29:17,1087,Malleswaram 18th Cross,32
BIAS110330,04:30:10,04:31:22,152,Bashyam Circle (Sadashivanagar),33
BIAS110330,04:32:05,04:33:17,272,Cauvery Theater,34
BIAS110330,04:34:55,04:36:07,1143,Mekhri Circle,35
BIAS110330,04:36:07,04:37:19,667,IAF Training School,36
BIAS110330,04:38:10,04:39:22,472,Ganganagar,37
BIAS110330,04:39:39,04:40:51,273,CBI,38
BIAS110330,04:41:06,04:42:18,1653,Veterinary College,39
BIAS110330,04:42:59,04:44:11,43,Anandanagar,40
BIAS110330,04:44:46,04:45:58,583,Hebbal,41
BIAS110330,04:47:16,04:48:28,1152,Military Dairy Farm Gate,42
BIAS110330,04:49:22,04:50:34,920,Kodigehalli Gate (Bellary Road),43
BIAS110330,04:50:35,04:51:47,248,Byatarayanapura (Bellary Road),44
BIAS110330,04:54:08,04:55:20,724,Jakkur,45
BIAS110330,04:56:22,04:57:34,29,Allalasandra,46
BIAS110330,04:59:14,05:00:26,1714,Yelahanka Police Station,47
BIAS110330,05:01:29,05:02:41,1710,Yelahanka,48
BIAS110330,05:05:06,05:06:18,929,Kogilu Cross,49
BIAS110330,05:07:38,05:08:50,1650,Venkatala,50
BIAS110330,05:11:20,05:12:32,665,IAF,51
BIAS110330,05:13:57,05:15:09,654,Hunasemaranahalli,52
BIAS110330,05:16:05,05:17:17,183,Bettahalasur Cross,53
BIAS110330,05:18:32,05:19:44,1658,Vidyanagara Cross,54
BIAS110330,05:21:14,05:22:26,319,Chikkajala,55
BIAS110330,05:24:33,05:25:45,129,Bangalore Turf Club (Bellary Road),56
BIAS110330,05:26:07,05:27:19,1404,Sadahalli Cross,57
BIAS110330,05:28:52,05:30:04,127,Bangalore International Airport Trumpet Interchange,58
BIAS110330,05:35:35,05:36:47,126,Bengaluru International Airport,59
BIAS120430,04:25:00,04:30:00,997,Kuvempunagar (BTM Layout),1
BIAS120430,04:30:41,04:31:53,1615,Udupi Garden/BTM Layout 16th Main,2
BIAS120430,04:32:16,04:33:28,239,BTM Layout Water Tank,3
BIAS120430,04:34:01,04:35:13,1149,MICO Layout,4
BIAS120430,04:35:44,04:36:56,738,Jayadeva Hospital,5
BIAS120430,04:38:00,04:39:12,366,Dalmiya Circle (J P Nagar 3rd Phase),6
BIAS120430,04:41:21,04:42:33,753,Jayanagar Pump House,7
BIAS120430,04:43:03,04:44:15,1419,Sanjay Gandhi Hospital (Old),8
BIAS120430,04:44:49,04:46:01,347,Church (Jayanagar 4th Block),9
BIAS120430,04:46:24,04:47:36,742,Jayanagar 4th Block,10
BIAS120430,04:48:09,04:49:21,741,Jayanagar 3rd Block,11
BIAS120430,04:49:58,04:51:10,1053,Madhavan Park,12
BIAS120430,04:51:27,04:52:39,740,Jayanagar 1st Block,13
BIAS120430,04:53:31,04:54:43,72,Ashoka Pillar,14
BIAS120430,04:56:07,04:57:19,1467,Siddapura (Ashoka Pillar),15
BIAS120430,04:57:46,04:58:58,1741,Mallige Hospital,16
BIAS120430,04:59:41,05:00:53,1445,Shanthinagar Bus Station,17
BIAS120430,05:01:21,05:02:33,429,Double Road,18
BIAS120430,05:03:42,05:04:54,858,Kanteerava Stadium,19
BIAS120430,05:05:05,05:06:17,357,Corporation,20
BIAS120430,05:07:15,05:08:27,879,Kaveri Bhavan,21
BIAS120430,05:09:04,05:10:16,1072,Maharani's College,22
BIAS120430,05:34:34,05:35:46,129,Bangalore Turf Club (Bellary Road),23
BIAS120430,05:59:18,06:00:30,1479,Sivananda Stores,24
BIAS120430,06:00:47,06:01:59,1742,Kumara Park West,25
BIAS120430,06:03:03,06:04:15,1699,Windsor Manor,26
BIAS120430,06:04:47,06:05:59,1296,Palace Guttahalli,27
BIAS120430,06:06:22,06:07:34,272,Cauvery Theater,28
BIAS120430,06:09:11,06:10:23,1143,Mekhri Circle,29
BIAS120430,06:10:24,06:11:36,667,IAF Training School,30
BIAS120430,06:12:26,06:13:38,472,Ganganagar,31
BIAS120430,06:13:55,06:15:07,273,CBI,32
BIAS120430,06:15:23,06:16:35,1653,Veterinary College,33
BIAS120430,06:17:15,06:18:27,43,Anandanagar,34
BIAS120430,06:19:02,06:20:14,583,Hebbal,35
BIAS120430,06:21:33,06:22:45,1152,Military Dairy Farm Gate,36
BIAS120430,06:23:39,06:24:51,920,Kodigehalli Gate (Bellary Road),37
BIAS120430,06:24:51,06:26:03,248,Byatarayanapura (Bellary Road),38
BIAS120430,06:28:25,06:29:37,724,Jakkur,39
BIAS120430,06:30:39,06:31:51,29,Allalasandra,40
BIAS120430,06:33:30,06:34:42,1714,Yelahanka Police Station,41
BIAS120430,06:35:45,06:36:57,1710,Yelahanka,42
BIAS120430,06:39:22,06:40:34,929,Kogilu Cross,43
BIAS120430,06:41:55,06:43:07,1650,Venkatala,44
BIAS120430,06:45:37,06:46:49,665,IAF,45
BIAS120430,06:48:14,06:49:26,654,Hunasemaranahalli,46
BIAS120430,06:50:22,06:51:34,183,Bettahalasur Cross,47
BIAS120430,06:52:49,06:54:01,1658,Vidyanagara Cross,48
BIAS120430,06:55:31,06:56:43,319,Chikkajala,49
BIAS120430,06:58:49,07:00:01,129,Bangalore Turf Club (Bellary Road),50
BIAS120430,07:00:23,07:01:35,1404,Sadahalli Cross,51
BIAS120430,07:03:09,07:04:21,127,Bangalore International Airport Trumpet Interchange,52
BIAS120430,07:09:51,07:11:03,126,Bengaluru International Airport,53
LR5300950,09:45:00,09:50:00,SBC,BANGALORE CITY STN.,1
LR5300950,10:00:00,10:01:00,BNC,CANTONMENT STN.,2
LR5300950,10:05:00,10:06:00,BNCE,BANGALORE EAST STN.,3
LR5300950,10:11:00,10:12:00,BYPL,BYAPPANAHALLI STN.,4
LR5300950,10:15:00,10:16:00,KJM,K R PURAM STN.,5
LR5300950,10:29:00,10:30:00,WFD,WHITEFIELD STN.,6
LR65190655,06:54:00,06:55:00,WFD,WHITEFIELD STN.,1
LR65190655,07:08:00,07:10:00,KJM,K R PURAM STN.,2
LR65190655,07:16:00,07:17:00,BYPL,BYAPPANAHALLI STN.,3
LR65190655,07:24:00,07:25:00,BNCE,BANGALORE EAST STN.,4
LR65190655,07:32:00,07:33:00,BNC,CANTONMENT STN.,5
LR65190655,08:00:00,08:05:00,SBC,BANGALORE CITY STN.,6
BIAS40930,00:55:00,01:00:00,553,HAL Main Gate,1
BIAS40930,01:00:17,01:01:29,551,HAL ESI Hospital,2
BIAS40930,01:03:15,01:04:27,1239,Nallurupura Cross,3
BIAS40930,01:05:28,01:06:40,177,BEML Gate,4
BIAS40930,01:07:10,01:08:22,548,HAL 3rd Stage,5
BIAS40930,01:08:38,01:09:50,1584,Thippasandra Market (Indiranagar),6
BIAS40930,01:10:01,01:11:13,1581,Thippasandra (Indiranagar),7
BIAS40930,01:14:37,01:15:49,330,Chinmaya Mission Hospital,8
BIAS40930,01:19:17,01:20:29,684,Indiranagar Police Station,9
BIAS40930,01:24:08,01:25:20,1016,Lakshmipura (Halasuru),10
BIAS40930,01:28:43,01:29:55,556,Halasuru,11
BIAS40930,01:33:47,01:34:59,1607,Trinity Circle,12
BIAS40930,01:38:14,01:39:26,572,Hasanath Women's College,13
BIAS40930,01:43:15,01:44:27,24,Ajanta Talkies,14
BIAS40930,01:47:59,01:49:11,1005,Lakeside Hospital,15
BIAS40930,01:52:56,01:54:08,353,Coles Park,16
BIAS40930,01:55:09,01:56:21,267,Cantonment Railway Station,17
BIAS40930,02:00:23,02:01:35,739,Jayamahal,18
BIAS40930,02:04:38,02:05:50,706,J C Nagar,19
BIAS40930,02:08:59,02:10:11,1611,TV Tower,20
BIAS40930,02:14:13,02:15:25,1143,Mekhri Circle,21
BIAS40930,02:18:26,02:19:38,667,IAF Training School,22
BIAS40930,02:20:15,02:21:27,472,Ganganagar,23
BIAS40930,02:21:40,02:22:52,273,CBI,24
BIAS40930,02:23:04,02:24:16,1653,Veterinary College,25
BIAS40930,02:24:46,02:25:58,43,Anandanagar,26
BIAS40930,02:26:24,02:27:36,583,Hebbal,27
BIAS40930,02:28:36,02:29:48,1152,Military Dairy Farm Gate,28
BIAS40930,02:30:28,02:31:40,920,Kodigehalli Gate (Bellary Road),29
BIAS40930,02:31:40,02:32:52,248,Byatarayanapura (Bellary Road),30
BIAS40930,02:34:38,02:35:50,724,Jakkur,31
BIAS40930,02:36:37,02:37:49,29,Allalasandra,32
BIAS40930,02:39:03,02:40:15,1714,Yelahanka Police Station,33
BIAS40930,02:41:03,02:42:15,1710,Yelahanka,34
BIAS40930,02:44:03,02:45:15,929,Kogilu Cross,35
BIAS40930,02:46:16,02:47:28,1650,Venkatala,36
BIAS40930,02:49:20,02:50:32,665,IAF,37
BIAS40930,02:51:36,02:52:48,654,Hunasemaranahalli,38
BIAS40930,02:53:30,02:54:42,183,Bettahalasur Cross,39
BIAS40930,02:55:39,02:56:51,1658,Vidyanagara Cross,40
BIAS40930,02:57:58,02:59:10,319,Chikkajala,41
BIAS40930,03:00:45,03:01:57,129,Bangalore Turf Club (Bellary Road),42
BIAS40930,03:02:13,03:03:25,1404,Sadahalli Cross,43
BIAS40930,03:04:35,03:05:47,127,Bangalore International Airport Trumpet Interchange,44
BIAS40930,03:12:55,03:14:07,126,Bengaluru International Airport,45
V20815,08:10:00,08:15:00,889,Kempegowda Bus Station,1
V20815,08:19:05,08:20:17,879,Kaveri Bhavan,2
V20815,08:24:16,08:25:28,357,Corporation,3
V20815,08:28:57,08:30:09,1606,Town Hall,4
V20815,08:33:41,08:34:53,707,J C Road,5
V20815,08:38:26,08:39:38,1621,Urvashi Talkies,6
V20815,08:42:47,08:43:59,1020,Lalbagh Main Gate (towards Shantinagar),7
V20815,08:47:38,08:48:50,1154,Minerva Circle,8
V20815,08:52:37,08:53:49,10004,Lalbagh West Gate (from South End),9
V20815,08:57:18,08:58:30,1555,Teachers College,10
V20815,09:02:14,09:03:26,1492,South End Circle,11
V20815,09:07:09,09:08:21,1053,Madhavan Park,12
V20815,09:11:58,09:13:10,741,Jayanagar 3rd Block,13
V20815,09:16:43,09:17:55,742,Jayanagar 4th Block,14
V20815,09:21:25,09:22:37,755,Jayanagar Telephone Exchange,15
V20815,09:25:54,09:27:06,81,Aurobindo Circle (J P Nagar),16
V20815,09:30:49,09:32:01,1509,SSMRV College,17
V20815,09:37:22,09:38:34,713,J P Nagar 6th Phase,18
V2K0000,00:00:00,00:00:00,889,Kempegowda Bus Station,3
V2K0000,00:04:05,00:05:17,879,Kaveri Bhavan,4
V2K0000,00:09:16,00:10:28,357,Corporation,5
V2K0000,00:13:57,00:15:09,1606,Town Hall,6
V2K0000,00:18:41,00:19:53,707,J C Road,7
V2K0000,00:23:26,00:24:38,1621,Urvashi Talkies,8
V2K0000,00:27:47,00:28:59,1020,Lalbagh Main Gate (towards Shantinagar),9
V2K0000,00:32:38,00:33:50,1154,Minerva Circle,10
V2K0000,00:37:37,00:38:49,10004,Lalbagh West Gate (from South End),11
V2K0000,00:42:18,00:43:30,1555,Teachers College,12
V2K0000,00:47:14,00:48:26,1492,South End Circle,13
V2K0000,00:52:09,00:53:21,1053,Madhavan Park,14
V2K0000,00:56:58,00:58:10,741,Jayanagar 3rd Block,15
V2K0000,01:01:43,01:02:55,742,Jayanagar 4th Block,16
V2K0000,01:06:25,01:07:37,755,Jayanagar Telephone Exchange,17
V2K0000,01:10:54,01:12:06,81,Aurobindo Circle (J P Nagar),18
V2K0000,01:15:49,01:17:01,1509,SSMRV College,19
V2K0000,01:21:28,01:22:40,710,J P Nagar 24th Main 9th Cross,20
V2K0000,01:27:16,01:28:28,366,Dalmiya Circle (J P Nagar 3rd Phase),21
V2K0000,01:32:14,01:33:26,715,J P Nagar Kalyani Magnum,22
VJ100000,00:00:00,00:00:00,889,Kempegowda Bus Station,1
VJ100000,00:03:30,00:04:42,511,Goods Shed Road(City),2
VJ100000,00:08:17,00:09:29,358,Cottonpet Hospital,3
VJ100000,00:14:11,00:15:23,1202,Mysore Road Flyover,4
VJ100000,00:18:58,00:20:10,281,Chamarajpet Police Station,5
VJ100000,00:23:29,00:24:41,279,Chamarajpet,6
VJ100000,00:28:11,00:29:23,1619,Uma Talkies,7
VJ100000,00:32:37,00:33:49,125,Bangalore High School(Basavanagudi),8
VJ100000,00:37:20,00:38:32,1378,Ramakrishna Ashram,9
VJ100000,00:42:30,00:43:42,470,Ganesh Bhavan,10
VJ100000,00:47:35,00:48:47,983,Kumaraswamy Temple,11
VJ100000,00:52:22,00:53:34,562,Hanumanthanagar,12
VJ100000,00:56:39,00:57:51,1280,Nirmala Stores,13
VJ100000,01:02:06,01:03:18,1497,Srinagar Apex Bank,14
VJ100000,01:07:10,01:08:22,1232,Nagendra Block,15
VJ100000,01:11:59,01:13:11,1171,Muneshwara Block,16
VJ100000,01:16:55,01:18:07,501,Girinagar Cross,17
VJ100000,01:21:15,01:22:27,84,Avalahalli BDA Park,18
V25A0000,00:00:00,00:00:00,997,Kuvempunagar (BTM Layout),1
V25A0000,00:03:41,00:04:53,1615,Udupi Garden/BTM Layout 16th Main,2
V25A0000,00:08:16,00:09:28,239,BTM Layout Water Tank,3
V25A0000,00:13:01,00:14:13,1149,MICO Layout,4
V25A0000,00:17:44,00:18:56,738,Jayadeva Hospital,5
V25A0000,00:22:09,00:23:21,748,Jayanagar 9th Block East End,6
V25A0000,00:27:24,00:28:36,753,Jayanagar Pump House,7
V25A0000,00:31:37,00:32:49,268,Carmel Convent,8
V25A0000,00:36:20,00:37:32,1419,Sanjay Gandhi Hospital (Old),9
V25A0000,00:41:06,00:42:18,347,Church (Jayanagar 4th Block),10
V25A0000,00:45:41,00:46:53,742,Jayanagar 4th Block,11
V25A0000,00:50:26,00:51:38,741,Jayanagar 3rd Block,12
V25A0000,00:55:15,00:56:27,1053,Madhavan Park,13
V25A0000,00:59:44,01:00:56,740,Jayanagar 1st Block,14
V25A0000,01:04:48,01:06:00,72,Ashoka Pillar,15
V25A0000,01:09:30,01:10:42,1555,Teachers College,16
V25A0000,01:14:11,01:15:23,10004,Lalbagh West Gate (from South End),17
V25A0000,01:19:10,01:20:22,1154,Minerva Circle,18
V25A0000,01:24:01,01:25:13,1020,Lalbagh Main Gate (towards Shantinagar),19
V25A0000,01:28:22,01:29:34,1621,Urvashi Talkies,20
V25A0000,01:33:07,01:34:19,707,J C Road,21
V25A0000,01:37:50,01:39:02,1606,Town Hall,22
V25A0000,01:42:32,01:43:44,357,Corporation,23
V25A0000,01:47:43,01:48:55,879,Kaveri Bhavan,24
V25A0000,01:53:00,01:54:12,889,Kempegowda Bus Station,25
V25A0000,01:58:40,01:59:52,1323,Platform Road,26
V25A0000,02:03:00,02:04:12,276,Central Talkies,27
V25A0000,02:07:38,02:08:50,1453,Sheshadripuram,28
V25A0000,02:12:13,02:13:25,1091,Malleswaram Circle,29
V25A0000,02:16:41,02:17:53,783,K C General Hospital,30
V25A0000,02:21:25,02:22:37,378,Devaiah Park,31
V25A0000,02:25:58,02:27:10,1507,Srirampuram Harishchandra Ghat,32
V25A0000,02:31:10,02:32:22,1257,Navarang Talkies,33
V25A0000,02:36:05,02:37:17,1158,Modi Eye Hospital,34
V25A0000,02:40:50,02:42:02,1441,Shankara Mutt (Basaveshwaranagar),35
V25A0000,02:45:56,02:47:08,839,Kamalanagar Water Tank,36
V25A0000,02:51:00,02:52:12,573,Havanur Circle,37
V25A0000,02:55:37,02:56:49,149,Basaveshwaranagar,38
G10710,07:05:00,07:10:00,1607,Trinity Circle,1
G10710,07:14:01,07:15:13,1131,Mayo Hall,2
G10710,07:19:32,07:20:44,1151,Military Accounts Office,3
G10710,07:24:40,07:25:52,354,Command Hospital,4
G10710,07:30:02,07:31:14,422,Domlur,5
G10710,07:34:48,07:36:00,392,Diamond District,6
G10710,07:39:20,07:40:32,924,Kodihalli (Old Airport Road),7
G10710,07:43:51,07:45:03,1100,Manipal Hospital,8
G10710,07:48:52,07:50:04,1181,Murugeshpalya,9
G10710,07:53:26,07:54:38,940,Konena Agrahara,10
G10710,07:58:27,07:59:39,1675,Vimanapura,11
G10710,08:02:53,08:04:05,553,HAL Main Gate,12
G10710,08:08:56,08:10:08,552,HAL Kalyana Mantapa,13
G10710,08:14:56,08:16:08,1112,Marathahalli,14
G10710,08:19:30,08:20:42,1113,Marathahalli Bridge,15
G10710,08:24:00,08:25:12,1179,Munnekolalu Cross,16
G10710,08:29:18,08:30:30,990,Kundalahalli Gate,17
G10710,08:34:12,08:35:24,1608,Tubarahalli,18
G10710,08:39:34,08:40:46,1468,Siddapura (Varthur Road),19
G10710,08:44:42,08:45:54,1377,Ramagondanahalli (Varthur Road),20
G10710,08:49:26,08:50:38,1640,Varthur Kodi,21
G10710,08:54:53,08:56:05,1693,Whitefield Post Office,22
G10710,08:59:18,09:00:30,1691,Whitefield Club,23
G10710,09:05:05,09:06:17,621,Hope Farm,24
G10710,09:12:42,09:13:54,802,Kadugodi,25
G20625,06:20:00,06:25:00,236,Brigade Road Junction,1
G20625,06:28:57,06:30:09,775,Johnson Market,2
G20625,06:33:24,06:34:36,102,Baldwin Boys High School,3
G20625,06:38:02,06:39:14,1022,Langford Town,4
G20625,06:42:50,06:44:02,463,Gajendranagar Cross,5
G20625,06:47:59,06:49:11,10,Adugodi,6
G20625,06:52:45,06:53:57,11,Adugodi Police Quarters,7
G20625,06:57:45,06:58:57,456,Forum/Madiwala Checkpost,8
G20625,07:02:23,07:03:35,1510,St John's Hospital,9
G20625,07:07:13,07:08:25,956,Koramangala Water Tank,10
G20625,07:12:06,07:13:18,1057,Madiwala Police Station,11
G20625,07:16:49,07:18:01,275,Central Silk Board,12
G20625,07:21:34,07:22:46,1401,Rupena Agrahara,13
G20625,07:26:32,07:27:44,231,Bommanahalli,14
G20625,07:32:24,07:33:36,482,Garebhavipalya,15
G20625,07:37:17,07:38:29,973,Kudlu Gate,16
G20625,07:43:15,07:44:27,1477,Singasandra,17
G20625,07:48:19,07:49:31,625,Hosa Road,18
G20625,07:54:00,07:55:12,1318,PES School of Engineering (Hosur Road),19
G20625,07:58:50,08:00:02,937,Konappana Agrahara,20
G20625,08:04:03,08:05:15,445,Electronic City,21
G20625,08:09:00,08:10:12,448,Electronic City State Bank,22
G20625,08:13:27,08:14:39,446,Electronic City Infosys Gate,23
G20625,08:18:48,08:20:00,449,Electronic City Wipro Gate,24
G30540,05:35:00,05:40:00,1131,Mayo Hall,1
G30540,05:43:35,05:44:47,444,Electric B Station (M G Road),2
G30540,05:48:14,05:49:26,1607,Trinity Circle,3
G30540,05:53:16,05:54:28,1743,Victoria Layout,4
G30540,05:57:53,05:59:05,1744,Lower Agaram Road,5
G30540,06:03:09,06:04:21,1638,Vannarpet,6
G30540,06:07:34,06:08:46,1686,Viveknagar,7
G30540,06:13:07,06:14:19,1254,National Games Village,8
G30540,06:17:33,06:18:45,949,Koramangala BMTC Depot,9
G30540,06:22:15,06:23:27,1739,Koramangala Sony World,10
G30540,06:26:45,06:27:57,950,Koramangala Cambridge Public School,11
G30540,06:31:05,06:32:17,1459,Shinivagilu Main Road,12
G30540,06:36:29,06:37:41,946,Koramangala,13
G30540,06:41:08,06:42:20,723,Jakkasandra,14
G30540,06:46:41,06:47:53,20,Agara (Sarjapur Road),15
G30540,06:52:10,06:53:22,668,Iblur,16
G30540,06:57:10,06:58:22,171,Bellandur Gate,17
G30540,07:02:26,07:03:38,811,Kaikondrahalli,18
G30540,07:07:31,07:08:43,1161,Mori Gate,19
G30540,07:12:53,07:14:05,852,Kannalli,20
G30540,07:18:22,07:19:34,270,Carmelaram Railway Gate,21
G30540,07:23:29,07:24:41,37,Ambedkarnagar (Sarjapur Road),22
G30540,07:28:25,07:29:37,914,Kodathi Gate,23
G30540,07:34:51,07:36:03,1184,Muthanallur Cross,24
G30540,07:40:35,07:41:47,426,Dommasandra Circle,25
G30540,07:45:50,07:47:02,425,Dommasandra,26
G30540,07:51:34,07:52:46,1703,Yamare,27
G30540,07:56:32,07:57:44,1487,Sompura Gate,28
G30540,08:02:24,08:03:36,1426,Sarjapur,29
G40615,06:10:00,06:15:00,236,Brigade Road Junction,1
G40615,06:18:16,06:19:28,1512,St Patrick Church,2
G40615,06:23:14,06:24:26,775,Johnson Market,3
G40615,06:27:41,06:28:53,102,Baldwin Boys High School,4
G40615,06:32:19,06:33:31,1022,Langford Town,5
G40615,06:37:07,06:38:19,463,Gajendranagar Cross,6
G40615,06:41:56,06:43:08,1147,MICO,7
G40615,06:46:36,06:47:48,1745,Marble Factories (Bannerghatta Road),8
G40615,06:51:46,06:52:58,123,Bangalore Dairy,9
G40615,06:57:07,06:58:19,1746,Sagar Apollo Hospital,10
G40615,07:01:24,07:02:36,544,Gurappanapalya,11
G40615,07:07:00,07:08:12,738,Jayadeva Hospital,12
G40615,07:12:16,07:13:28,366,Dalmiya Circle (J P Nagar 3rd Phase),13
G40615,07:17:14,07:18:26,217,Bilekahalli,14
G40615,07:21:37,07:22:49,671,IIM Bangalore,15
G40615,07:26:46,07:27:58,68,Arekere Gate,16
G40615,07:31:57,07:33:09,613,Honeywell (Bannerghatta Road),17
G40615,07:38:11,07:39:23,649,Hulimavu Gate,18
G40615,07:43:08,07:44:20,1137,Meenakshi Temple,19
G40615,07:47:46,07:48:58,1034,Loyola School (Bannerghatta Road),20
G40615,07:52:32,07:53:44,820,Kalena Agrahara,21
G40615,07:57:52,07:59:04,513,Gottigere,22
G40615,08:22:43,08:23:55,147,Basavanapura Gate,23
G40615,08:48:56,08:50:08,930,Koli Farm Gate,24
G40615,08:53:51,08:55:03,823,Kalkere (Bannerghatta),25
G40615,08:58:52,09:00:04,38,AMC College (Bannerghatta),26
G40615,09:04:55,09:06:07,136,Bannerghatta Circle,27
G40615,09:10:29,09:11:41,137,Bannerghatta National Park,28
G50620,06:15:00,06:20:00,357,Corporation,1
G50620,06:23:29,06:24:41,1606,Town Hall,2
G50620,06:28:34,06:29:46,787,K R Market,3
G50620,06:33:36,06:34:48,908,KIMS Hospital,4
G50620,06:38:25,06:39:37,1075,Mahila Seva Samaja/Sajjan Rao Circle,5
G50620,06:43:10,06:44:22,1253,National College Basavanagudi,6
G50620,06:48:01,06:49:13,145,Basavanagudi Police Station,7
G50620,06:52:30,06:53:42,537,Gunasheela Hospital,8
G50620,06:57:14,06:58:26,1492,South End Circle,9
G50620,07:02:09,07:03:21,1240,Nanda Talkies,10
G50620,07:06:34,07:07:46,745,Jayanagar 6th Block,11
G50620,07:11:05,07:12:17,1707,Yediyur,12
G50620,07:16:01,07:17:13,373,Deepak Nursing Home,13
G50620,07:20:51,07:22:03,1748,Hunase Mara (Banashankari),14
G50620,07:25:37,07:26:49,108,Banashankari,15
G50620,07:30:32,07:31:44,1423,Sarakki Gate,16
G50620,07:35:19,07:36:31,672,Ilyasnagar,17
G50620,07:39:49,07:41:01,737,Jaraganahalli,18
G50620,07:44:15,07:45:27,1702,Yalachenahalli,19
G50620,07:49:25,07:50:37,1146,Metro Mall (Kanakapura Road),20
G50620,07:54:03,07:55:15,936,Konanakunte Cross,21
G50620,07:59:12,08:00:24,412,Doddakallasandra,22
G50620,08:04:00,08:05:12,527,Gubbalala Cross,23
G50620,08:09:04,08:10:16,1344,Raghuvanahalli,24
G50620,08:14:43,08:15:55,1562,Thalaghattapura,25
G50620,08:20:38,08:21:50,779,Jyothi Farm,26
G50620,08:25:54,08:27:06,22,Agara Gate (Kanakapura Road),27
G50620,08:30:56,08:32:08,1549,Tataguni Estate,28
G50620,08:35:24,08:36:36,991,Kuppareddykere,29
G50620,08:41:53,08:43:05,71,Art of Living Ashram,30
G50620,08:47:13,08:48:25,1414,Saladoddi,31
G50620,08:52:31,08:53:43,1613,Udayapalya,32
G50620,08:59:03,09:00:15,810,Kaggalipura,33
G60645,06:40:00,06:45:00,898,Kengeri Housing Board Quarters,1
G60645,06:48:17,06:49:29,1460,Shirke Apartment,2
G60645,06:52:54,06:54:06,903,Kengeri Satellite Town Church,3
G60645,06:57:22,06:58:34,902,Kengeri Satellite Town,4
G60645,07:02:09,07:03:21,904,Kengeri Syndicate Bank,5
G60645,07:06:52,07:08:04,901,Kengeri Railway Station,6
G60645,07:11:36,07:12:48,900,Kengeri Post Office,7
G60645,07:15:55,07:17:07,897,Kengeri Ganesha Temple,8
G60645,07:20:28,07:21:40,896,Kengeri,9
G60645,07:26:18,07:27:30,1197,Mylasandra (Kengeri),10
G60645,07:31:32,07:32:44,1340,R V College of Engineering,11
G60645,07:36:43,07:37:55,676,Indian Statistical Institute,12
G60645,07:41:48,07:43:00,131,Bangalore University Gate,13
G60645,07:46:32,07:47:44,1368,Rajarajeshwarinagar Gate,14
G60645,07:52:00,07:53:12,1259,Nayandahalli,15
G60645,07:56:45,07:57:57,1300,Pantarapalya,16
G60645,08:02:36,08:03:48,200,BHEL Gate (Mysore Road),17
G60645,08:06:56,08:08:08,374,Deepanjalinagar,18
G60645,08:11:47,08:12:59,141,Bapujinagar,19
G60645,08:16:15,08:17:27,1132,MCTC Mysore Road Bus Station,20
G60645,08:20:42,08:21:54,1274,New Guddadahalli,21
G60645,08:25:48,08:27:00,1637,Valmikinagar,22
G60645,08:30:42,08:31:54,1478,Sirsi Circle,23
G60645,08:34:56,08:36:08,1202,Mysore Road Flyover,24
G60645,08:41:02,08:42:14,787,K R Market,25
G60645,08:46:07,08:47:19,1606,Town Hall,26
G60645,08:50:49,08:52:01,357,Corporation,27
G60645,08:55:12,08:56:24,858,Kanteerava Stadium,28
G60645,09:00:32,09:01:44,429,Double Road,29
G60645,09:05:12,09:06:24,1445,Shanthinagar Bus Station,30
G70720,07:15:00,07:20:00,889,Kempegowda Bus Station,1
G70720,07:23:33,07:24:45,348,City Railway Station,2
G70720,07:28:15,07:29:27,1288,Okalipuram,3
G70720,07:32:48,07:34:00,1524,Sujatha Talkies,4
G70720,07:37:27,07:38:39,1155,Minerva Mill,5
G70720,07:42:14,07:43:26,1025,Leprosarium,6
G70720,07:46:52,07:48:04,1061,Magadi Road 5th Cross,7
G70720,07:51:55,07:53:07,1330,Prasanna Talkies,8
G70720,07:56:31,07:57:43,1063,Magadi Road Toll Gate,9
G70720,08:01:30,08:02:42,1062,Magadi Road Dasarahalli,10
G70720,08:06:33,08:07:45,907,KHB Colony,11
G70720,08:12:06,08:13:18,834,Kamakshipalya,12
G70720,08:16:53,08:18:05,1749,Sumanahalli,13
G70720,08:21:30,08:22:42,961,Kottigepalya,14
G70720,08:26:57,08:28:09,1531,Sunkadakatte,15
G70720,08:32:23,08:33:35,599,Herohalli Cross,16
G70720,08:38:36,08:39:48,52,Anjananagar,17
G70720,08:44:40,08:45:52,244,Byadarahalli,18
G70720,08:54:40,08:55:52,507,Gollarahatti,19
G80605,06:00:00,06:05:00,1264,Nelamangala,1
G80605,06:08:35,06:09:47,1265,Nelamangala Janapriya Apartment,2
G80605,06:14:48,06:16:00,223,Binnamangala (Tumkur Road),3
G80605,06:20:37,06:21:49,70,Arisinakunte,4
G80605,06:26:25,06:27:37,390,Devayyanapalya,5
G80605,06:31:23,06:32:35,368,Dasanapura,6
G80605,06:35:42,06:36:54,4,Adakamaranahalli,7
G80605,06:40:46,06:41:58,1077,Makali,8
G80605,06:46:08,06:47:20,1046,Madanayakanahalli,9
G80605,06:50:50,06:52:02,1554,TCI (Tumkur Road),10
G80605,06:55:30,06:56:42,1051,Madavara,11
G80605,07:00:06,07:01:18,128,Bangalore International Exhibition Centre,12
G80605,07:05:13,07:06:25,47,Anchepalya (Tumkur Road),13
G80605,07:09:39,07:10:51,766,Jindal Factory,14
G80605,07:14:21,07:15:33,314,Chikkabidarakallu,15
G80605,07:19:05,07:20:17,1162,Morrison Factory,16
G80605,07:24:10,07:25:22,1695,Widia Factory,17
G80605,07:29:13,07:30:25,1610,Tumkur Road 8th Mile,18
G80605,07:34:25,07:35:37,371,Dasarahalli (Tumkur Road),19
G80605,07:38:58,07:40:10,727,Jalahalli Cross,20
G80605,07:44:33,07:45:45,1313,Peenya 1st Stage,21
G80605,07:49:57,07:51:09,512,Goraguntepalya,22
G80605,07:54:46,07:55:58,1141,MEI Factory,23
G80605,07:59:34,08:00:46,515,Govardhan Theater,24
G80605,08:05:37,08:06:49,1720,Yeshwanthpur,25
G80605,08:11:01,08:12:13,1547,Tata Institute (IISc),26
G80605,08:16:12,08:17:24,1408,Sadashivanagar Police Station,27
G80605,08:21:38,08:22:50,360,CPRI,28
G80605,08:26:08,08:27:20,1750,Raman Research Institute,29
G80605,08:30:43,08:31:55,1143,Mekhri Circle,30
G80605,08:36:18,08:37:30,1611,TV Tower,31
G80605,08:40:42,08:41:54,706,J C Nagar,32
G80605,08:44:58,08:46:10,739,Jayamahal,33
G80605,08:50:34,08:51:46,267,Cantonment Railway Station,34
G80605,08:55:49,08:57:01,1751,Balekundri Circle/Indian Express,35
G80605,09:00:24,09:01:36,523,GPO,36
G80605,09:06:00,09:07:12,1302,Parade Ground,37
G90545,05:40:00,05:45:00,1717,Yelahanka Satellite Town 5th Phase,1
G90545,05:48:31,05:49:43,1718,Yelahanka Satellite Town Government School,2
G90545,05:53:23,05:54:35,1712,Yelahanka Dairy Circle,3
G90545,05:58:14,05:59:26,1715,Yelahanka Satellite Town,4
G90545,06:02:51,06:04:03,315,Chikkabommasandra,5
G90545,06:07:45,06:08:57,1451,Sharavathi Hotel (Yelahanka),6
G90545,06:12:38,06:13:50,1711,Yelahanka 13th Main Road,7
G90545,06:17:19,06:18:31,1713,Yelahanka NES Office,8
G90545,06:21:49,06:23:01,1714,Yelahanka Police Station,9
G90545,06:27:41,06:28:53,29,Allalasandra,10
G90545,06:32:55,06:34:07,724,Jakkur,11
G90545,06:39:28,06:40:40,248,Byatarayanapura (Bellary Road),12
G90545,06:43:41,06:44:53,920,Kodigehalli Gate (Bellary Road),13
G90545,06:48:46,06:49:58,1152,Military Dairy Farm Gate,14
G90545,06:54:17,06:55:29,583,Hebbal,15
G90545,06:59:04,07:00:16,43,Anandanagar,16
G90545,07:03:57,07:05:09,1653,Veterinary College,17
G90545,07:08:24,07:09:36,273,CBI,18
G90545,07:12:53,07:14:05,472,Ganganagar,19
G90545,07:17:56,07:19:08,667,IAF Training School,20
G90545,07:22:08,07:23:20,1143,Mekhri Circle,21
G90545,07:27:43,07:28:55,1611,TV Tower,22
G90545,07:32:07,07:33:19,706,J C Nagar,23
G90545,07:36:23,07:37:35,739,Jayamahal,24
G90545,07:41:58,07:43:10,267,Cantonment Railway Station,25
G90545,07:47:14,07:48:26,1751,Balekundri Circle/Indian Express,26
G90545,07:51:49,07:53:01,523,GPO,27
G90545,07:57:25,07:58:37,1302,Parade Ground,28
G100615,06:10:00,06:15:00,357,Corporation,1
G100615,06:18:11,06:19:23,858,Kanteerava Stadium,2
G100615,06:23:28,06:24:40,1681,Visvesvaraya Museum,3
G100615,06:28:09,06:29:21,333,Chinnaswami Stadium,4
G100615,06:32:50,06:34:02,523,GPO,5
G100615,06:37:26,06:38:38,1751,Balekundri Circle/Indian Express,6
G100615,06:42:41,06:43:53,267,Cantonment Railway Station,7
G100615,06:47:26,06:48:38,363,CSI Hospital,8
G100615,06:52:02,06:53:14,105,Bamboo Bazaar,9
G100615,06:56:50,06:58:02,353,Coles Park,10
G100615,07:02:07,07:03:19,458,Fraser Town Post Office,11
G100615,07:06:53,07:08:05,1480,Slaughter House,12
G100615,07:11:32,07:12:44,1182,Muslim Colony,13
G100615,07:16:20,07:17:32,1294,P&T Colony,14
G100615,07:20:54,07:22:06,1652,Venkateshpuram,15
G100615,07:25:37,07:26:49,804,Kadugondanahalli,16
G100615,07:30:08,07:31:20,603,Hidayath Nagar,17
G100615,07:35:21,07:36:33,60,Arabic College,18
G100615,07:39:41,07:40:53,520,Govindapura Cross (Nagavara),19
G100615,07:44:49,07:46:01,1229,Nagavara,20
G100615,07:49:34,07:50:46,75,Ashwathnagar Telecom Layout (Nagavara),21
G100615,07:55:10,07:56:22,1566,Thanisandra,22
G100615,07:59:59,08:01:11,1349,Railwaymen Layout,23
G100615,08:04:53,08:06:05,785,K Narayanapura Cross,24
G100615,08:09:06,08:10:18,1438,Shabari Nagar Cross,25
G100615,08:16:00,08:17:12,1379,Ramakrishna Hegde Nagar,26
G110655,06:50:00,06:55:00,1752,Bagalur(Bellary Road),1
G110655,06:59:13,07:00:25,277,Chakkalatti,2
G110655,07:05:18,07:06:30,1553,Tavakkal Mosque,3
G110655,07:09:58,07:11:10,635,Hosur Bande,4
G110655,07:14:46,07:15:58,797,Kadasonnappanahalli,5
G110655,07:19:59,07:21:11,856,Kannur,6
G110655,07:25:44,07:26:56,263,Byrthi Bande,7
G110655,07:33:55,07:35:07,209,Bible College,8
G110655,07:38:38,07:39:50,528,Gubbi Cross,9
G110655,07:43:28,07:44:40,957,Kothanur (Hennur),10
G110655,07:52:31,07:53:43,264,Byrthi Cross,11
G110655,08:02:36,08:03:48,490,Geddalahalli (Hennur),12
G110655,08:08:21,08:09:33,594,Hennur,13
G110655,08:12:51,08:14:03,595,Hennur Bande,14
G110655,08:17:50,08:19:02,596,Hennur Cross,15
G110655,08:22:44,08:23:56,638,HRBR Layout 3rd Block,16
G110655,08:28:15,08:29:27,792,Kacharakanahalli,17
G110655,08:32:49,08:34:01,1514,St Thomas Town,18
G110655,08:37:10,08:38:22,780,Jyothi School,19
G110655,08:42:14,08:43:26,1030,Lingarajapura,20
G110655,08:46:38,08:47:50,597,Hennur Main Road,21
G110655,08:51:31,08:52:43,356,Cooke Town,22
G110655,08:56:03,08:57:15,350,Clarence School,23
G110655,09:00:30,09:01:42,458,Fraser Town Post Office,24
G110655,09:05:46,09:06:58,353,Coles Park,25
G110655,09:10:35,09:11:47,105,Bamboo Bazaar,26
G110655,09:15:11,09:16:23,363,CSI Hospital,27
G110655,09:19:56,09:21:08,267,Cantonment Railway Station,28
G110655,09:25:11,09:26:23,1751,Balekundri Circle/Indian Express,29
G120740,07:35:00,07:40:00,1607,Trinity Circle,1
G120740,07:44:09,07:45:21,556,Halasuru,2
G120740,07:48:52,07:50:04,1180,Murphy Town,3
G120740,07:53:56,07:55:08,682,Indiranagar BMTC Depot,4
G120740,07:59:16,08:00:28,694,Isolation Hospital,5
G120740,08:04:05,08:05:17,222,Binnamangala (Old Madras Road),6
G120740,08:09:39,08:10:51,1277,NGEF,7
G120740,08:14:18,08:15:30,1521,Suddaguntepalya Cross,8
G120740,08:19:33,08:20:45,179,Benniganahalli,9
G120740,08:24:30,08:25:42,1603,Tin Factory,10
G120740,08:29:28,08:30:40,789,K R Puram Railway Station,11
G120740,08:34:10,08:35:22,437,Duravani Nagar,12
G120740,08:38:57,08:40:09,698,ITI Colony (K R Puram),13
G120740,08:44:03,08:45:15,788,K R Puram,14
C10000,00:00:00,00:00:00,108,Banashankari,1
C10000,00:03:29,00:04:41,1418,Sangam Circle,2
C10000,00:08:20,00:09:32,744,Jayanagar 5th Block,3
C10000,00:13:16,00:14:28,81,Aurobindo Circle (J P Nagar),4
C10000,00:18:33,00:19:45,1345,Ragigudda,5
C10000,00:23:08,00:24:20,748,Jayanagar 9th Block East End,6
C10000,00:27:33,00:28:45,738,Jayadeva Hospital,7
C10000,00:32:16,00:33:28,1149,MICO Layout,8
C10000,00:37:01,00:38:13,239,BTM Layout Water Tank,9
C10000,00:41:36,00:42:48,1615,Udupi Garden/BTM Layout 16th Main,10
C10000,00:46:29,00:47:41,997,Kuvempunagar (BTM Layout),11
C10000,00:51:15,00:52:27,275,Central Silk Board,12
C10000,00:56:35,00:57:47,645,HSR Layout SI Apartment,13
C10000,01:01:32,01:02:44,641,HSR Layout BDA Complex,14
C10000,01:07:37,01:08:49,21,Agara BMTC Depot,15
C10000,01:11:53,01:13:05,20,Agara (Sarjapur Road),16
C10000,01:17:22,01:18:34,668,Iblur,17
C10000,01:22:39,01:23:51,170,Bellandur,18
C10000,01:28:20,01:29:32,382,Devarabisanahalli,19
C10000,01:33:27,01:34:39,1275,New Horizon College,20
C10000,01:37:40,01:38:52,796,Kadabisanahalli,21
C10000,01:43:54,01:45:06,691,Innovative Multiplex,22
C10000,01:48:45,01:49:57,1113,Marathahalli Bridge,23
C10000,01:53:42,01:54:54,292,Channappanahalli,24
C10000,01:59:52,02:01:04,416,Doddanekkundi,25
C10000,02:05:59,02:07:11,1065,Mahadevapura,26
C10000,02:11:01,02:12:13,1066,Mahadevapura Cross,27
C10000,02:17:12,02:18:24,789,K R Puram Railway Station,28
C10000,02:22:10,02:23:22,1603,Tin Factory,29
C10000,02:27:04,02:28:16,872,Kasturinagar Cross,30
C10000,02:32:46,02:33:58,91,B Channasandra,31
C10000,02:37:13,02:38:25,1383,Ramamurthynagar Underpass,32
C10000,02:43:32,02:44:44,93,Babusabpalya,33
C10000,02:48:36,02:49:48,829,Kalyananagar (HRBR Layout 2nd Block),34
C10000,02:54:00,02:55:12,638,HRBR Layout 3rd Block,35
C10000,02:58:51,03:00:03,579,HBR Layout 3rd Block,36
C10000,03:03:36,03:04:48,580,HBR Layout 4th Block,37
C10000,03:08:22,03:09:34,581,HBR Layout 5th Block,38
C10000,03:13:06,03:14:18,1229,Nagavara,39
C10000,03:18:28,03:19:40,1646,Veerannanapalya,40
C10000,03:25:20,03:26:32,583,Hebbal,41
FDR10000,00:00:00,00:00:00,788,K R Puram,1
FDR10000,00:05:06,00:06:18,196,Bhattarahalli,2
FDR10000,00:10:50,00:12:02,1134,Medahalli,3
FDR10000,00:20:52,00:22:04,242,Budigere Cross,4
FDR10000,00:27:30,00:28:42,632,Hosakote Kodi,5
FDR10000,00:31:51,00:33:03,631,Hosakote High School,6
FDR10000,00:38:09,00:39:21,630,Hosakote,7
FDR10000,00:44:54,00:46:06,985,Kumbalahalli Gate,8
FDR10000,00:51:11,00:52:23,554,Halappanahalli,9
FDR10000,00:55:25,00:56:37,1008,Lakkondanahalli (Hosakote),10
FDR10000,01:09:16,01:10:28,1753,Avalahallli(Hoskote),11
FDR10000,01:23:23,01:24:35,1754,Vabsandra(Hoskote),12
FDR20000,00:00:00,00:00:00,515,Govardhan Theater,1
FDR20000,00:03:47,00:04:59,1755,Suryodaya Mill,2
FDR20000,00:09:13,00:10:25,1756,C.M.T.I(Tumkur Road),3
FDR20000,00:15:33,00:16:45,727,Jalahalli Cross,4
FDR20000,00:22:25,00:23:37,1757,Bagalgunte Cross,5
FDR20000,00:27:20,00:28:32,1758,Janapriya Apartment,6
FDR20000,00:32:14,00:33:26,310,Chikkabanavara,7
FDR20000,00:40:59,00:42:11,1481,Soladevanahalli Police Station,8
FDR20000,00:45:57,00:47:09,658,Huralichikkanahalli Gate,9
FDR20000,00:51:13,00:52:25,1759,Hesaraghatta Cross,10
FDR20000,00:56:55,00:58:07,600,Hesaraghatta,11
10500,05:55:00,06:00:00,742,Jayanagar 4th Block,1
10500,06:03:33,06:04:45,741,Jayanagar 3rd Block,2
10500,06:08:22,06:09:34,1053,Madhavan Park,3
10500,06:13:17,06:14:29,1492,South End Circle,4
10500,06:18:18,06:19:30,1444,Shanthi Talkies,5
10500,06:22:45,06:23:57,1227,Nagasandra Circle,6
10500,06:27:26,06:28:38,1271,Nettakalappa Circle,7
10500,06:31:51,06:33:03,145,Basavanagudi Police Station,8
10500,06:36:42,06:37:54,1253,National College Basavanagudi,9
10500,06:41:30,06:42:42,468,Gandhi Bazaar,10
10500,06:45:51,06:47:03,1378,Ramakrishna Ashram,11
10500,06:50:34,06:51:46,125,Bangalore High School(Basavanagudi),12
10500,06:55:29,06:56:41,279,Chamarajpet,13
10500,07:00:23,07:01:35,908,KIMS Hospital,14
10500,07:05:25,07:06:37,787,K R Market,15
10500,07:10:30,07:11:42,1606,Town Hall,16
10500,07:15:12,07:16:24,357,Corporation,17
10500,07:20:22,07:21:34,879,Kaveri Bhavan,18
10500,07:25:45,07:26:57,786,K R Circle,19
10500,07:31:14,07:32:26,1072,Maharani's College,20
10500,07:36:14,07:37:26,1655,Vidhana Soudha,21
10500,07:41:04,07:42:16,1559,Telephone Exchange (Vidhana Soudha),22
10500,07:45:23,07:46:35,1337,R C College,23
10500,07:50:11,07:51:23,1341,Race Course Road,24
10500,07:54:45,07:55:57,1479,Sivananda Stores,25
10500,07:59:17,08:00:29,1537,Swastik,26
10500,08:03:59,08:05:11,276,Central Talkies,27
10500,08:08:37,08:09:49,1453,Sheshadripuram,28
10500,08:13:12,08:14:24,1091,Malleswaram Circle,29
10500,08:17:40,08:18:52,1088,Malleswaram 8th Cross,30
10500,08:22:10,08:23:22,1086,Malleswaram 11th Cross,31
10500,08:27:07,08:28:19,1087,Malleswaram 18th Cross,32
10500,08:32:27,08:33:39,1547,Tata Institute (IISc),33
10500,08:37:51,08:39:03,1720,Yeshwanthpur,34
10650,06:45:00,06:50:00,742,Jayanagar 4th Block,1
10650,06:53:33,06:54:45,741,Jayanagar 3rd Block,2
10650,06:58:22,06:59:34,1053,Madhavan Park,3
10650,07:03:17,07:04:29,1492,South End Circle,4
10650,07:08:18,07:09:30,1444,Shanthi Talkies,5
10650,07:12:45,07:13:57,1227,Nagasandra Circle,6
10650,07:17:26,07:18:38,1271,Nettakalappa Circle,7
10650,07:21:51,07:23:03,145,Basavanagudi Police Station,8
10650,07:26:42,07:27:54,1253,National College Basavanagudi,9
10650,07:31:30,07:32:42,468,Gandhi Bazaar,10
10650,07:35:51,07:37:03,1378,Ramakrishna Ashram,11
10650,07:40:34,07:41:46,125,Bangalore High School(Basavanagudi),12
10650,07:45:29,07:46:41,279,Chamarajpet,13
10650,07:50:23,07:51:35,908,KIMS Hospital,14
10650,07:55:25,07:56:37,787,K R Market,15
10650,08:00:30,08:01:42,1606,Town Hall,16
10650,08:05:12,08:06:24,357,Corporation,17
10650,08:10:22,08:11:34,879,Kaveri Bhavan,18
10650,08:15:45,08:16:57,786,K R Circle,19
10650,08:21:14,08:22:26,1072,Maharani's College,20
10650,08:26:14,08:27:26,1655,Vidhana Soudha,21
10650,08:31:04,08:32:16,1559,Telephone Exchange (Vidhana Soudha),22
10650,08:35:23,08:36:35,1337,R C College,23
10650,08:40:11,08:41:23,1341,Race Course Road,24
10650,08:44:45,08:45:57,1479,Sivananda Stores,25
10650,08:49:17,08:50:29,1537,Swastik,26
10650,08:53:59,08:55:11,276,Central Talkies,27
10650,08:58:37,08:59:49,1453,Sheshadripuram,28
10650,09:03:12,09:04:24,1091,Malleswaram Circle,29
10650,09:07:40,09:08:52,1088,Malleswaram 8th Cross,30
10650,09:12:10,09:13:22,1086,Malleswaram 11th Cross,31
10650,09:17:07,09:18:19,1087,Malleswaram 18th Cross,32
10650,09:22:27,09:23:39,1547,Tata Institute (IISc),33
10650,09:27:51,09:29:03,1720,Yeshwanthpur,34
1000000,00:00:00,00:00:00,1461,Shivajinagar,1
1000000,00:03:37,00:04:49,1751,Balekundri Circle/Indian Express,2
1000000,00:08:53,00:10:05,267,Cantonment Railway Station,3
1000000,00:13:22,00:14:34,1642,Vasanthanagar,4
1000000,00:18:57,00:20:09,1296,Palace Guttahalli,5
1000000,00:23:32,00:24:44,272,Cauvery Theater,6
1000000,00:28:27,00:29:39,152,Bashyam Circle (Sadashivanagar),7
1000000,00:33:06,00:34:18,1407,Sadashivanagar,8
1000600,05:55:00,06:00:00,1461,Shivajinagar,1
1000600,06:03:37,06:04:49,1751,Balekundri Circle/Indian Express,2
1000600,06:08:53,06:10:05,267,Cantonment Railway Station,3
1000600,06:13:22,06:14:34,1642,Vasanthanagar,4
1000600,06:18:57,06:20:09,1296,Palace Guttahalli,5
1000600,06:23:32,06:24:44,272,Cauvery Theater,6
1000600,06:28:27,06:29:39,152,Bashyam Circle (Sadashivanagar),7
1000600,06:33:06,06:34:18,1407,Sadashivanagar,8
10006001,06:27:43,06:28:55,1461,Shivajinagar,8
10006001,06:23:02,06:24:14,1751,Balekundri Circle/Indian Express,7
10006001,06:18:37,06:19:49,267,Cantonment Railway Station,6
10006001,06:13:46,06:14:58,1642,Vasanthanagar,5
10006001,06:08:58,06:10:10,1296,Palace Guttahalli,4
10006001,06:04:37,06:05:49,272,Cauvery Theater,3
10006001,05:59:54,06:01:06,152,Bashyam Circle (Sadashivanagar),2
10006001,05:55:00,05:56:12,1407,Sadashivanagar,1
